p,trial,rtt_svd_error,wall_clock_s,seed
0,0,0.09763792961002533,0.001791399990906939,2000042
0,1,0.056280204684875164,0.0015448000049218535,2001042
0,2,0.0874129698501277,0.0020017000060761347,2002042
0,3,0.12407064361012442,0.0015737000067019835,2003042
0,4,0.19986020383588995,0.0016015000001061708,2004042
0,5,0.052455932773232114,0.0020896000060020015,2005042
0,6,0.1493521939275356,0.0016585999983362854,2006042
0,7,0.07626416753271946,0.0019261999987065792,2007042
0,8,0.08627061560450829,0.002213800005847588,2008042
0,9,0.07790527638275309,0.0021278000058373436,2009042
0,10,0.13161118064451252,0.0019476000015856698,2010042
0,11,0.06375186833435033,0.0020891000021947548,2011042
0,12,0.09765178305635504,0.002027900001849048,2012042
0,13,0.09899592779916966,0.002210100006777793,2013042
0,14,0.10805098912979288,0.0018458999984432012,2014042
2,0,0.037780509356166135,0.002063299994915724,2000044
2,1,0.036194627536199786,0.002499899987014942,2001044
2,2,0.060186323534795284,0.002660800004377961,2002044
2,3,0.031963041512435425,0.0029478999931598082,2003044
2,4,0.04079505321393642,0.002628400005050935,2004044
2,5,0.03347825977880336,0.0020988999895052984,2005044
2,6,0.03325319449258784,0.002554699996835552,2006044
2,7,0.046114529700433796,0.0024722999951336533,2007044
2,8,0.031424596208769535,0.002508199992007576,2008044
2,9,0.03824202798539307,0.002407200008747168,2009044
2,10,0.030382357252621044,0.0022342000011121854,2010044
2,11,0.02988473999437356,0.0017946000007214025,2011044
2,12,0.03096328887264222,0.001868599996669218,2012044
2,13,0.03761343522044279,0.0019063000072492287,2013044
2,14,0.03348669338302356,0.0017057999939424917,2014044
5,0,0.028297527869140967,0.002716100003453903,2000047
5,1,0.027483399491150813,0.0028931999986525625,2001047
5,2,0.027856170214529557,0.0028224999987287447,2002047
5,3,0.027471031718356936,0.002561100001912564,2003047
5,4,0.02789657241193408,0.0029606000025523826,2004047
5,5,0.027502053694032233,0.0022396999993361533,2005047
5,6,0.027929206708284096,0.0023581999994348735,2006047
5,7,0.02802973924648588,0.0024936000118032098,2007047
5,8,0.02743157393830835,0.0024235000018961728,2008047
5,9,0.028154766051588637,0.0027775000053225085,2009047
5,10,0.027382631766400666,0.0020355000015115365,2010047
5,11,0.027548078798613013,0.00209720000566449,2011047
5,12,0.0279265362878213,0.002318099999683909,2012047
5,13,0.027869579203733643,0.0023914000048534945,2013047
5,14,0.02753853373854381,0.002180800001951866,2014047
10,0,0.02732363856845637,0.0032223000016529113,2000052
10,1,0.02732363856845637,0.0033305999968433753,2001052
10,2,0.02732363856845637,0.00320099999953527,2002052
10,3,0.02732363856845637,0.0032912999886320904,2003052
10,4,0.02732363856845637,0.00308470000163652,2004052
10,5,0.027323638568456373,0.0031121999927563593,2005052
10,6,0.02732363856845637,0.0031374999962281436,2006052
10,7,0.02732363856845637,0.003344299999298528,2007052
10,8,0.027323638568456373,0.0032421000069007277,2008052
10,9,0.02732363856845637,0.003489299997454509,2009052
10,10,0.027323638568456373,0.0041668000048957765,2010052
10,11,0.027323638568456373,0.004117700009373948,2011052
10,12,0.027323638568456373,0.004098400007933378,2012052
10,13,0.027323638568456373,0.003492699994239956,2013052
10,14,0.027323638568456373,0.0033146999921882525,2014052
15,0,0.02732363856845637,0.0038936999917495996,2000057
15,1,0.02732363856845637,0.004153299989411607,2001057
15,2,0.02732363856845637,0.0040643999964231625,2002057
15,3,0.02732363856845637,0.003714999998919666,2003057
15,4,0.02732363856845637,0.0037674999912269413,2004057
15,5,0.02732363856845637,0.004076099998201244,2005057
15,6,0.027323638568456366,0.004107900007511489,2006057
15,7,0.02732363856845637,0.0045495000085793436,2007057
15,8,0.027323638568456373,0.004768200000398792,2008057
15,9,0.02732363856845637,0.004689900000812486,2009057
15,10,0.02732363856845637,0.005911000000196509,2010057
15,11,0.027323638568456373,0.004058799997437745,2011057
15,12,0.02732363856845637,0.0037969999975757673,2012057
15,13,0.02732363856845637,0.004111000002012588,2013057
15,14,0.02732363856845637,0.004525800002738833,2014057
20,0,0.02732363856845637,0.039744199995766394,2000062
20,1,0.02732363856845637,0.004535799991572276,2001062
20,2,0.02732363856845637,0.0043120000045746565,2002062
20,3,0.02732363856845637,0.004305199996451847,2003062
20,4,0.027323638568456373,0.005201600011787377,2004062
20,5,0.02732363856845637,0.004248299999744631,2005062
20,6,0.027323638568456373,0.0041913999884855,2006062
20,7,0.027323638568456373,0.004611199998180382,2007062
20,8,0.02732363856845637,0.004244700001436286,2008062
20,9,0.02732363856845637,0.004085200009285472,2009062
20,10,0.02732363856845637,0.003995999999460764,2010062
20,11,0.027323638568456373,0.004028799987281673,2011062
20,12,0.027323638568456373,0.004143599988310598,2012062
20,13,0.02732363856845637,0.005751899996539578,2013062
20,14,0.027323638568456373,0.003954500003601424,2014062
30,0,0.027323638568456373,0.08376220001082402,2000072
30,1,0.027323638568456373,0.04524229999515228,2001072
30,2,0.027323638568456373,0.005919599992921576,2002072
30,3,0.02732363856845637,0.005581499994150363,2003072
30,4,0.027323638568456366,0.009739000000990927,2004072
30,5,0.02732363856845637,0.011741400012397207,2005072
30,6,0.02732363856845637,0.0054838000069139525,2006072
30,7,0.027323638568456373,0.005712900005164556,2007072
30,8,0.02732363856845637,0.0053724999888800085,2008072
30,9,0.02732363856845637,0.005439400003524497,2009072
30,10,0.02732363856845637,0.005366800003685057,2010072
30,11,0.027323638568456373,0.005778999999165535,2011072
30,12,0.027323638568456373,0.0051553000084823,2012072
30,13,0.027323638568456373,0.005841000005602837,2013072
30,14,0.027323638568456373,0.005464599991682917,2014072
