mode_size,trial,tt_svd_time_s,rtt_svd_time_s,speedup,tt_svd_error,rtt_svd_error,tensor_seed
6,0,0.0012644000016734935,0.002007349998166319,0.6298851734019987,0.12600095228396785,0.12600095228396785,4060042
6,1,0.0007973999963724054,0.0015710000006947666,0.5075747905918265,0.12600095228396796,0.126000952283968,4060043
6,2,0.0007585499988636002,0.001578950003022328,0.48041419767037014,0.12600095228396796,0.126000952283968,4060044
6,3,0.0009839500053203665,0.0011444499978097156,0.8597579686342618,0.126000952283968,0.126000952283968,4060045
6,4,0.0011839500002679415,0.0012816000016755424,0.9238061787765801,0.126000952283968,0.126000952283968,4060046
8,0,0.003894099994795397,0.002493199994205497,1.561888337817168,0.13411267636614954,0.13411267636614954,4080042
8,1,0.0048147000052267686,0.0023789000042597763,2.023918616421593,0.13411267636614954,0.1341126763661495,4080043
8,2,0.004112199996598065,0.001987299998290837,2.069239671984468,0.13411267636614954,0.13411267636614954,4080044
8,3,0.0038449500061688013,0.0021097999997437,1.822423929583794,0.1341126763661495,0.13411267636614954,4080045
8,4,0.0032037500059232116,0.00206130000151461,1.554237618769295,0.13411267636614954,0.13411267636614954,4080046
10,0,0.008850600010191556,0.025912949997291435,0.3415512325349553,0.13517051625334814,0.13517051625334814,4100042
10,1,0.008644100002129562,0.0038997499941615388,2.2165779896329165,0.1351705162533482,0.1351705162533482,4100043
10,2,0.008775800000876188,0.003800400001637172,2.309177980500912,0.1351705162533482,0.1351705162533482,4100044
10,3,0.008092499992926605,0.003969350000261329,2.0387468961905153,0.1351705162533481,0.13517051625334808,4100045
10,4,0.008356949998415075,0.003759850005735643,2.2226817521088784,0.1351705162533481,0.1351705162533481,4100046
12,0,0.020783749998372514,0.1278998500056332,0.1625001905589187,0.13531299706419725,0.13531299706419725,4120042
12,1,0.01940199999808101,0.08567115000187187,0.2264706379879001,0.13531299706419722,0.13531299706419722,4120043
12,2,0.020718050000141375,0.03385130000242498,0.612031147951695,0.1353129970641972,0.1353129970641972,4120044
12,3,0.021274450002238154,0.007752299999992829,2.744275892607076,0.1353129970641972,0.1353129970641972,4120045
12,4,0.021035249999840744,0.08712970001215581,0.24142456587026045,0.13531299706419717,0.13531299706419717,4120046
16,0,0.10843280000699451,0.23407909999514231,0.4632314461617664,0.13533487508658162,0.13534222191902262,4160042
16,1,0.10309455000970047,0.4648692499977187,0.22177106790824816,0.1353348750865816,0.1353377426420471,4160043
16,2,0.10355464999884134,0.4326617500046268,0.23934320516600774,0.1353348750865816,0.13535194903684258,4160044
16,3,0.10111290000349982,0.42113879999669734,0.24009400227263022,0.1353348750865816,0.13536332946269747,4160045
16,4,0.10429410000506323,0.4326622500011581,0.24105199842321365,0.1353348750865816,0.13534248447994957,4160046
