snr_db,trial,tt_svd_error_wrt_clean,rtt_svd_error_wrt_clean,noise_seed,rtt_seed
0,0,0.17908953024867036,0.353074692735349,5000042,5500042
0,1,0.18604041025708687,0.36405649864706496,5000043,5500043
0,2,0.18015329108111663,0.3358449313473153,5000044,5500044
0,3,0.1685048222558562,0.33265647451370817,5000045,5500045
0,4,0.1659940295211922,0.33135464914756213,5000046,5500046
0,5,0.17509557991765684,0.36163486838087083,5000047,5500047
0,6,0.17871621149747385,0.3562833951741265,5000048,5500048
0,7,0.16949354619191728,0.38059508886084,5000049,5500049
0,8,0.16965915184685001,0.38192273971684354,5000050,5500050
0,9,0.17688159640607587,0.3546610353386505,5000051,5500051
5,0,0.10541635776619321,0.19209913121997893,5050042,5550042
5,1,0.10624480396770666,0.22017337655879082,5050043,5550043
5,2,0.10631003650122453,0.25767780598504214,5050044,5550044
5,3,0.10611088881667774,0.21312291378230963,5050045,5550045
5,4,0.10615175151768028,0.170935636157144,5050046,5550046
5,5,0.10896134048895438,0.21044444670879062,5050047,5550047
5,6,0.10337808064392119,0.24040031767064354,5050048,5550048
5,7,0.10631132759551629,0.1825525878768025,5050049,5550049
5,8,0.10573720245869403,0.2397830690966666,5050050,5550050
5,9,0.10258492145766515,0.17384504362325426,5050051,5550051
10,0,0.07585444895533103,0.14595768763197764,5100042,5600042
10,1,0.07535714710206691,0.14369616840237945,5100043,5600043
10,2,0.07602357541596215,0.1509388467917009,5100044,5600044
10,3,0.07600228129767642,0.16409387386708219,5100045,5600045
10,4,0.07462216447343639,0.12157075568900258,5100046,5600046
10,5,0.07797971116748965,0.13970528468778265,5100047,5600047
10,6,0.07741263377933279,0.14440548077863982,5100048,5600048
10,7,0.07609596973976412,0.12606664252748684,5100049,5600049
10,8,0.07498588197144786,0.12897346452888256,5100050,5600050
10,9,0.07584653808302663,0.14074129509065705,5100051,5600051
15,0,0.06579483548937974,0.0975811561784918,5150042,5650042
15,1,0.06564568923539599,0.09481991008916328,5150043,5650043
15,2,0.06570184466816162,0.08712110885458328,5150044,5650044
15,3,0.06658627567650031,0.0857847512569611,5150045,5650045
15,4,0.06610113053341236,0.10827158912391321,5150046,5650046
15,5,0.06722089104872471,0.08798674770881566,5150047,5650047
15,6,0.06560471666057724,0.08241881029442258,5150048,5650048
15,7,0.0663174778263621,0.08618993772441931,5150049,5650049
15,8,0.06597309877097067,0.09686563849366224,5150050,5650050
15,9,0.06543643073796271,0.09587378135372555,5150051,5650051
20,0,0.0624023617656248,0.080161514174331,5200042,5700042
20,1,0.06253031682090163,0.07121153370321998,5200043,5700043
20,2,0.06272267551735622,0.07429052583843337,5200044,5700044
20,3,0.06250024774969297,0.07174740229121027,5200045,5700045
20,4,0.06251048639434732,0.0724582470082476,5200046,5700046
20,5,0.0626487638700982,0.07564002177794767,5200047,5700047
20,6,0.06256106474091969,0.07904785578340616,5200048,5700048
20,7,0.06258751599440124,0.07392535436395327,5200049,5700049
20,8,0.06259068203739471,0.07169473392541216,5200050,5700050
20,9,0.06244016114919088,0.07197480885022631,5200051,5700051
