order,trial,timing_repeats,tt_svd_time_s,rtt_svd_time_s,speedup_tt_over_rtt,tensor_seed
4,0,3,0.0005518666584976017,0.0010175333300139755,0.542357328472004,3040042
4,1,3,0.00045613332379919785,0.0008294333335167418,0.5499336780512825,3040043
4,2,3,0.00038219999987632036,0.0007391666586045176,0.5170687766110565,3040044
4,3,3,0.00045663332760644454,0.0007813333359081298,0.5844283183894973,3040045
4,4,3,0.000452233332907781,0.0010892333230003715,0.4151849960503153,3040046
5,0,3,0.004044300003442913,0.0023409333274078867,1.727644250304712,3050042
5,1,3,0.003452966659097001,0.0018527333353025217,1.863714865654526,3050043
5,2,3,0.0031576666709346077,0.0017693999980110675,1.7845974197377934,3050044
5,3,3,0.0033307666696297624,0.0018205333229464789,1.8295554536947536,3050045
5,4,3,0.00317903333537591,0.0018162333290092647,1.7503441240724493,3050046
6,0,3,0.021547666663536802,0.04685733332492722,0.45985687051622826,3060042
6,1,3,0.02152556666987948,0.022261266674225528,0.9669515659143577,3060043
6,2,3,0.020892366669916857,0.007784566667396575,2.6838188382943065,3060044
6,3,3,0.02138800000345024,0.015501766669331118,1.3797137100356773,3060045
6,4,3,0.02132033333570386,0.008743733322868744,2.4383558542369683,3060046
7,0,3,0.16497696666435027,0.19488183333305642,0.8465487205387779,3070042
7,1,3,0.1631825000125294,0.18192066667446247,0.8969981420777001,3070043
7,2,3,0.16467290000097515,0.19028323332895525,0.8654094063889181,3070044
7,3,3,0.16539129998030452,0.21980050000517318,0.7524609815556011,3070045
7,4,3,0.16313423332758248,0.20216476666973904,0.806937014866108,3070046
