model,trial,rank,p,tt_svd_error,rtt_svd_error,tensor_seed,rtt_seed
exponential,0,1,10,0.44932896411045264,0.4493289815772999,42,1000143
exponential,0,2,10,0.2018965179765492,0.20189652617751402,42,1000244
exponential,0,3,10,0.09071795324774969,0.090717965458052,42,1000345
exponential,0,4,10,0.040762203885029755,0.04076220711669455,42,1000446
exponential,0,5,10,0.018315638680734114,0.018315651254014586,42,1000547
exponential,0,6,10,0.008229746585983366,0.008229746585983366,42,1000648
exponential,0,7,10,0.0036978626859200683,0.0036978626859200687,42,1000749
exponential,0,8,10,0.001661554979587811,0.0016615549795878115,42,1000850
exponential,0,9,10,0.0007465807038817136,0.0007465807038817135,42,1000951
exponential,0,10,10,0.00033545126748146657,0.00033545126748146597,42,1001052
exponential,0,11,10,0.00015070779031860706,0.00015070779031860717,42,1001153
exponential,0,12,10,6.767244551135967e-05,6.76724455113605e-05,42,1001254
exponential,1,1,10,0.44932896411045253,0.44932896473696643,10042,1010143
exponential,1,2,10,0.20189651797654906,0.201896523165755,10042,1010244
exponential,1,3,10,0.09071795324774957,0.09071795781252853,10042,1010345
exponential,1,4,10,0.0407622038850297,0.04076221544783354,10042,1010446
exponential,1,5,10,0.018315638680734096,0.018315640286238045,10042,1010547
exponential,1,6,10,0.00822974658598336,0.00822974658598336,10042,1010648
exponential,1,7,10,0.003697862685920065,0.003697862685920066,10042,1010749
exponential,1,8,10,0.0016615549795878086,0.0016615549795878089,10042,1010850
exponential,1,9,10,0.0007465807038817119,0.000746580703881712,10042,1010951
exponential,1,10,10,0.0003354512674814667,0.0003354512674814668,10042,1011052
exponential,1,11,10,0.00015070779031860584,0.00015070779031860644,10042,1011153
exponential,1,12,10,6.767244551135987e-05,6.767244551135797e-05,10042,1011254
exponential,2,1,10,0.4493289641104524,0.44932898475655125,20042,1020143
exponential,2,2,10,0.20189651797654903,0.2018970592726705,20042,1020244
exponential,2,3,10,0.09071795324774962,0.0907179659368189,20042,1020345
exponential,2,4,10,0.04076220388502973,0.04076221720158318,20042,1020446
exponential,2,5,10,0.018315638680734103,0.01831565614664787,20042,1020547
exponential,2,6,10,0.008229746585983364,0.008229746585983366,20042,1020648
exponential,2,7,10,0.003697862685920069,0.0036978626859200696,20042,1020749
exponential,2,8,10,0.0016615549795878086,0.0016615549795878089,20042,1020850
exponential,2,9,10,0.0007465807038817128,0.0007465807038817135,20042,1020951
exponential,2,10,10,0.00033545126748146705,0.00033545126748146743,20042,1021052
exponential,2,11,10,0.0001507077903186071,0.00015070779031860733,20042,1021153
exponential,2,12,10,6.767244551135978e-05,6.767244551135993e-05,20042,1021254
exponential,3,1,10,0.4493289641104529,0.44932896562210506,30042,1030143
exponential,3,2,10,0.20189651797654917,0.20189658945637232,30042,1030244
exponential,3,3,10,0.09071795324774966,0.09071796370232478,30042,1030345
exponential,3,4,10,0.040762203885029755,0.040762248630894636,30042,1030446
exponential,3,5,10,0.018315638680734117,0.018315640490202522,30042,1030547
exponential,3,6,10,0.008229746585983369,0.008229746585983367,30042,1030648
exponential,3,7,10,0.0036978626859200687,0.0036978626859200696,30042,1030749
exponential,3,8,10,0.001661554979587812,0.001661554979587812,30042,1030850
exponential,3,9,10,0.0007465807038817136,0.0007465807038817143,30042,1030951
exponential,3,10,10,0.00033545126748146716,0.00033545126748146787,30042,1031052
exponential,3,11,10,0.0001507077903186067,0.00015070779031860676,30042,1031153
exponential,3,12,10,6.767244551135909e-05,6.767244551135937e-05,30042,1031254
exponential,4,1,10,0.44932896411045253,0.4493290525582713,40042,1040143
exponential,4,2,10,0.20189651797654917,0.20189654420248332,40042,1040244
exponential,4,3,10,0.09071795324774963,0.09071840585565073,40042,1040345
exponential,4,4,10,0.04076220388502972,0.040762211626499976,40042,1040446
exponential,4,5,10,0.0183156386807341,0.018315642381411656,40042,1040547
exponential,4,6,10,0.008229746585983367,0.008229746585983367,40042,1040648
exponential,4,7,10,0.0036978626859200665,0.003697862685920066,40042,1040749
exponential,4,8,10,0.00166155497958781,0.0016615549795878104,40042,1040850
exponential,4,9,10,0.0007465807038817132,0.000746580703881713,40042,1040951
exponential,4,10,10,0.00033545126748146624,0.00033545126748146564,40042,1041052
exponential,4,11,10,0.0001507077903186075,0.00015070779031860841,40042,1041153
exponential,4,12,10,6.767244551136033e-05,6.767244551135995e-05,40042,1041254
exponential,5,1,10,0.44932896411045276,0.4493290390956746,50042,1050143
exponential,5,2,10,0.20189651797654903,0.20189655433653284,50042,1050244
exponential,5,3,10,0.0907179532477496,0.0907179758478691,50042,1050345
exponential,5,4,10,0.04076220388502971,0.04076222095406826,50042,1050446
exponential,5,5,10,0.0183156386807341,0.01831566025119217,50042,1050547
exponential,5,6,10,0.008229746585983362,0.008229746585983362,50042,1050648
exponential,5,7,10,0.0036978626859200656,0.003697862685920066,50042,1050749
exponential,5,8,10,0.0016615549795878084,0.0016615549795878093,50042,1050850
exponential,5,9,10,0.000746580703881714,0.0007465807038817137,50042,1050951
exponential,5,10,10,0.0003354512674814667,0.0003354512674814669,50042,1051052
exponential,5,11,10,0.00015070779031860646,0.0001507077903186065,50042,1051153
exponential,5,12,10,6.767244551135887e-05,6.76724455113593e-05,50042,1051254
exponential,6,1,10,0.44932896411045237,0.44932898217198664,60042,1060143
exponential,6,2,10,0.20189651797654906,0.20189652518106643,60042,1060244
exponential,6,3,10,0.09071795324774963,0.09071796311422113,60042,1060345
exponential,6,4,10,0.04076220388502974,0.040762262316321046,60042,1060446
exponential,6,5,10,0.018315638680734107,0.018315641708173385,60042,1060547
exponential,6,6,10,0.008229746585983364,0.008229746585983362,60042,1060648
exponential,6,7,10,0.003697862685920066,0.003697862685920066,60042,1060749
exponential,6,8,10,0.0016615549795878089,0.0016615549795878084,60042,1060850
exponential,6,9,10,0.0007465807038817109,0.0007465807038817114,60042,1060951
exponential,6,10,10,0.0003354512674814661,0.00033545126748146554,60042,1061052
exponential,6,11,10,0.0001507077903186069,0.00015070779031860736,60042,1061153
exponential,6,12,10,6.76724455113597e-05,6.767244551135937e-05,60042,1061254
exponential,7,1,10,0.4493289641104525,0.44932896676067174,70042,1070143
exponential,7,2,10,0.20189651797654906,0.20189652130817415,70042,1070244
exponential,7,3,10,0.0907179532477496,0.09071800556069957,70042,1070345
exponential,7,4,10,0.04076220388502973,0.04076222521749055,70042,1070446
exponential,7,5,10,0.0183156386807341,0.018315640873732063,70042,1070547
exponential,7,6,10,0.008229746585983359,0.00822974658598336,70042,1070648
exponential,7,7,10,0.003697862685920065,0.003697862685920066,70042,1070749
exponential,7,8,10,0.0016615549795878095,0.0016615549795878082,70042,1070850
exponential,7,9,10,0.0007465807038817127,0.000746580703881712,70042,1070951
exponential,7,10,10,0.0003354512674814677,0.00033545126748146705,70042,1071052
exponential,7,11,10,0.00015070779031860652,0.0001507077903186065,70042,1071153
exponential,7,12,10,6.767244551135906e-05,6.767244551135913e-05,70042,1071254
exponential,8,1,10,0.4493289641104527,0.44932897234210056,80042,1080143
exponential,8,2,10,0.2018965179765492,0.2018965800834963,80042,1080244
exponential,8,3,10,0.09071795324774963,0.09071795985481335,80042,1080345
exponential,8,4,10,0.04076220388502975,0.04076224090863613,80042,1080446
exponential,8,5,10,0.018315638680734114,0.01831564062117016,80042,1080547
exponential,8,6,10,0.008229746585983369,0.008229746585983367,80042,1080648
exponential,8,7,10,0.0036978626859200674,0.003697862685920068,80042,1080749
exponential,8,8,10,0.0016615549795878108,0.0016615549795878119,80042,1080850
exponential,8,9,10,0.0007465807038817136,0.0007465807038817127,80042,1080951
exponential,8,10,10,0.0003354512674814673,0.0003354512674814671,80042,1081052
exponential,8,11,10,0.00015070779031860784,0.0001507077903186076,80042,1081153
exponential,8,12,10,6.767244551135956e-05,6.767244551135983e-05,80042,1081254
exponential,9,1,10,0.4493289641104525,0.4493289698977668,90042,1090143
exponential,9,2,10,0.20189651797654903,0.2018965678265092,90042,1090244
exponential,9,3,10,0.09071795324774962,0.09071796461973214,90042,1090345
exponential,9,4,10,0.04076220388502972,0.04076220573710207,90042,1090446
exponential,9,5,10,0.018315638680734096,0.018315642735963797,90042,1090547
exponential,9,6,10,0.00822974658598336,0.008229746585983357,90042,1090648
exponential,9,7,10,0.0036978626859200665,0.0036978626859200656,90042,1090749
exponential,9,8,10,0.0016615549795878086,0.0016615549795878093,90042,1090850
exponential,9,9,10,0.0007465807038817124,0.0007465807038817115,90042,1090951
exponential,9,10,10,0.0003354512674814656,0.00033545126748146613,90042,1091052
exponential,9,11,10,0.0001507077903186068,0.00015070779031860595,90042,1091153
exponential,9,12,10,6.767244551135961e-05,6.767244551135987e-05,90042,1091254
polynomial,0,1,10,0.275678007150614,0.2757000366054311,500042,1700143
polynomial,0,2,10,0.13508612568725312,0.13548320386894566,500042,1700244
polynomial,0,3,10,0.08270933286905045,0.08300759722303185,500042,1700345
polynomial,0,4,10,0.05684586485892828,0.05736435066842875,500042,1700446
polynomial,0,5,10,0.04186943674522016,0.04218039208474367,500042,1700547
polynomial,0,6,10,0.03225035670756498,0.03225035670756498,500042,1700648
polynomial,0,7,10,0.025597757247093067,0.025597757247093067,500042,1700749
polynomial,0,8,10,0.02072821360069084,0.02072821360069084,500042,1700850
polynomial,0,9,10,0.016994893334522677,0.016994893334522677,500042,1700951
polynomial,0,10,10,0.01401521444054484,0.014015214440544842,500042,1701052
polynomial,0,11,10,0.011546240980172491,0.011546240980172491,500042,1701153
polynomial,0,12,10,0.009421009323443743,0.009421009323443743,500042,1701254
polynomial,1,1,10,0.2756780071506141,0.27590108304198996,510042,1710143
polynomial,1,2,10,0.13508612568725314,0.13543539942254929,510042,1710244
polynomial,1,3,10,0.08270933286905043,0.08278010058699568,510042,1710345
polynomial,1,4,10,0.056845864858928286,0.057603522263174105,510042,1710446
polynomial,1,5,10,0.04186943674522015,0.041996320189253596,510042,1710547
polynomial,1,6,10,0.03225035670756498,0.03225035670756497,510042,1710648
polynomial,1,7,10,0.025597757247093053,0.025597757247093053,510042,1710749
polynomial,1,8,10,0.02072821360069083,0.020728213600690826,510042,1710850
polynomial,1,9,10,0.01699489333452267,0.01699489333452267,510042,1710951
polynomial,1,10,10,0.014015214440544837,0.014015214440544837,510042,1711052
polynomial,1,11,10,0.01154624098017249,0.011546240980172488,510042,1711153
polynomial,1,12,10,0.009421009323443745,0.009421009323443745,510042,1711254
polynomial,2,1,10,0.2756780071506141,0.2757011636722667,520042,1720143
polynomial,2,2,10,0.1350861256872532,0.13532930240125746,520042,1720244
polynomial,2,3,10,0.08270933286905048,0.08334978258216824,520042,1720345
polynomial,2,4,10,0.05684586485892831,0.05691300766354308,520042,1720446
polynomial,2,5,10,0.041869436745220166,0.04204670980970525,520042,1720547
polynomial,2,6,10,0.03225035670756499,0.03225035670756498,520042,1720648
polynomial,2,7,10,0.025597757247093064,0.025597757247093064,520042,1720749
polynomial,2,8,10,0.020728213600690843,0.02072821360069084,520042,1720850
polynomial,2,9,10,0.01699489333452268,0.01699489333452268,520042,1720951
polynomial,2,10,10,0.014015214440544842,0.014015214440544842,520042,1721052
polynomial,2,11,10,0.01154624098017249,0.01154624098017249,520042,1721153
polynomial,2,12,10,0.009421009323443742,0.009421009323443742,520042,1721254
polynomial,3,1,10,0.275678007150614,0.27574554490571923,530042,1730143
polynomial,3,2,10,0.13508612568725317,0.13510035687815958,530042,1730244
polynomial,3,3,10,0.08270933286905047,0.08290326107136275,530042,1730345
polynomial,3,4,10,0.05684586485892828,0.05773359927495106,530042,1730446
polynomial,3,5,10,0.041869436745220145,0.04189352937638575,530042,1730547
polynomial,3,6,10,0.03225035670756497,0.03225035670756497,530042,1730648
polynomial,3,7,10,0.025597757247093053,0.025597757247093053,530042,1730749
polynomial,3,8,10,0.020728213600690833,0.020728213600690833,530042,1730850
polynomial,3,9,10,0.016994893334522677,0.016994893334522674,530042,1730951
polynomial,3,10,10,0.014015214440544842,0.014015214440544842,530042,1731052
polynomial,3,11,10,0.011546240980172488,0.011546240980172488,530042,1731153
polynomial,3,12,10,0.009421009323443743,0.009421009323443743,530042,1731254
polynomial,4,1,10,0.275678007150614,0.2757321924288174,540042,1740143
polynomial,4,2,10,0.13508612568725312,0.13546360854151432,540042,1740244
polynomial,4,3,10,0.08270933286905045,0.08360829114830497,540042,1740345
polynomial,4,4,10,0.056845864858928286,0.05731707193705601,540042,1740446
polynomial,4,5,10,0.04186943674522015,0.0419721326491802,540042,1740547
polynomial,4,6,10,0.03225035670756498,0.03225035670756498,540042,1740648
polynomial,4,7,10,0.025597757247093057,0.025597757247093057,540042,1740749
polynomial,4,8,10,0.020728213600690836,0.020728213600690836,540042,1740850
polynomial,4,9,10,0.016994893334522677,0.016994893334522677,540042,1740951
polynomial,4,10,10,0.01401521444054484,0.014015214440544842,540042,1741052
polynomial,4,11,10,0.011546240980172488,0.011546240980172488,540042,1741153
polynomial,4,12,10,0.009421009323443742,0.009421009323443742,540042,1741254
polynomial,5,1,10,0.2756780071506141,0.27573168519189056,550042,1750143
polynomial,5,2,10,0.13508612568725317,0.1351412998012765,550042,1750244
polynomial,5,3,10,0.08270933286905045,0.08299559396048412,550042,1750345
polynomial,5,4,10,0.05684586485892828,0.05703817091739845,550042,1750446
polynomial,5,5,10,0.04186943674522015,0.0421141296080722,550042,1750547
polynomial,5,6,10,0.03225035670756498,0.03225035670756498,550042,1750648
polynomial,5,7,10,0.025597757247093064,0.025597757247093064,550042,1750749
polynomial,5,8,10,0.020728213600690836,0.020728213600690833,550042,1750850
polynomial,5,9,10,0.016994893334522684,0.016994893334522684,550042,1750951
polynomial,5,10,10,0.014015214440544838,0.014015214440544838,550042,1751052
polynomial,5,11,10,0.01154624098017249,0.01154624098017249,550042,1751153
polynomial,5,12,10,0.009421009323443743,0.009421009323443743,550042,1751254
polynomial,6,1,10,0.27567800715061397,0.2758652004881827,560042,1760143
polynomial,6,2,10,0.13508612568725312,0.13514397781026313,560042,1760244
polynomial,6,3,10,0.08270933286905048,0.0828891450731418,560042,1760345
polynomial,6,4,10,0.05684586485892828,0.057046091760547306,560042,1760446
polynomial,6,5,10,0.041869436745220145,0.042234643733882214,560042,1760547
polynomial,6,6,10,0.03225035670756498,0.03225035670756498,560042,1760648
polynomial,6,7,10,0.025597757247093067,0.025597757247093064,560042,1760749
polynomial,6,8,10,0.02072821360069084,0.02072821360069084,560042,1760850
polynomial,6,9,10,0.016994893334522677,0.016994893334522677,560042,1760951
polynomial,6,10,10,0.01401521444054484,0.01401521444054484,560042,1761052
polynomial,6,11,10,0.011546240980172488,0.011546240980172488,560042,1761153
polynomial,6,12,10,0.00942100932344374,0.009421009323443742,560042,1761254
polynomial,7,1,10,0.27567800715061413,0.2756849792858847,570042,1770143
polynomial,7,2,10,0.13508612568725314,0.1352303602415093,570042,1770244
polynomial,7,3,10,0.08270933286905045,0.08274522954752349,570042,1770345
polynomial,7,4,10,0.05684586485892828,0.05712962386656484,570042,1770446
polynomial,7,5,10,0.04186943674522015,0.04200012371096643,570042,1770547
polynomial,7,6,10,0.03225035670756498,0.03225035670756498,570042,1770648
polynomial,7,7,10,0.02559775724709306,0.025597757247093064,570042,1770749
polynomial,7,8,10,0.02072821360069084,0.02072821360069084,570042,1770850
polynomial,7,9,10,0.016994893334522677,0.016994893334522674,570042,1770951
polynomial,7,10,10,0.01401521444054484,0.014015214440544843,570042,1771052
polynomial,7,11,10,0.01154624098017249,0.01154624098017249,570042,1771153
polynomial,7,12,10,0.009421009323443742,0.009421009323443742,570042,1771254
polynomial,8,1,10,0.275678007150614,0.27579171752477627,580042,1780143
polynomial,8,2,10,0.13508612568725314,0.13546054137003033,580042,1780244
polynomial,8,3,10,0.08270933286905044,0.08284181385671667,580042,1780345
polynomial,8,4,10,0.05684586485892828,0.057496460194213325,580042,1780446
polynomial,8,5,10,0.041869436745220145,0.042349643253444536,580042,1780547
polynomial,8,6,10,0.032250356707564966,0.032250356707564966,580042,1780648
polynomial,8,7,10,0.025597757247093057,0.025597757247093057,580042,1780749
polynomial,8,8,10,0.020728213600690833,0.020728213600690833,580042,1780850
polynomial,8,9,10,0.016994893334522674,0.016994893334522674,580042,1780951
polynomial,8,10,10,0.01401521444054484,0.014015214440544842,580042,1781052
polynomial,8,11,10,0.01154624098017249,0.011546240980172488,580042,1781153
polynomial,8,12,10,0.009421009323443743,0.009421009323443743,580042,1781254
polynomial,9,1,10,0.275678007150614,0.2758094396341294,590042,1790143
polynomial,9,2,10,0.13508612568725314,0.13518533573069916,590042,1790244
polynomial,9,3,10,0.08270933286905047,0.08620053843343413,590042,1790345
polynomial,9,4,10,0.05684586485892828,0.057091230278594314,590042,1790446
polynomial,9,5,10,0.04186943674522016,0.04227923149726197,590042,1790547
polynomial,9,6,10,0.03225035670756498,0.03225035670756498,590042,1790648
polynomial,9,7,10,0.025597757247093057,0.025597757247093057,590042,1790749
polynomial,9,8,10,0.02072821360069084,0.02072821360069084,590042,1790850
polynomial,9,9,10,0.016994893334522677,0.01699489333452268,590042,1790951
polynomial,9,10,10,0.014015214440544843,0.014015214440544843,590042,1791052
polynomial,9,11,10,0.011546240980172491,0.01154624098017249,590042,1791153
polynomial,9,12,10,0.009421009323443743,0.009421009323443743,590042,1791254
