trial,method,relative_frobenius_error,wall_clock_s,storage,compression_ratio,rtt_seed,tucker_seed
0,RTT-SVD,0.7178001647716609,0.001566199993249029,480,43.2,6000042,
0,TT-SVD,0.7080866048771614,0.0031165000109467655,480,43.2,,
0,Rand-Tucker,0.8910978839357573,0.005376100016292185,448,46.285714285714285,,6500042
1,RTT-SVD,0.7297521935358283,0.0011488999880384654,480,43.2,6000043,
1,TT-SVD,0.7080866048771614,0.003396200016140938,480,43.2,,
1,Rand-Tucker,0.8937033414815326,0.005795400007627904,448,46.285714285714285,,6500043
2,RTT-SVD,0.7268811418360924,0.001196400000480935,480,43.2,6000044,
2,TT-SVD,0.7080866048771614,0.0029457999917212874,480,43.2,,
2,Rand-Tucker,0.8900539508885361,0.004819800000404939,448,46.285714285714285,,6500044
3,RTT-SVD,0.7316675536737384,0.0013651999761350453,480,43.2,6000045,
3,TT-SVD,0.7080866048771614,0.0029273999971337616,480,43.2,,
3,Rand-Tucker,0.8825595920775932,0.004572700010612607,448,46.285714285714285,,6500045
4,RTT-SVD,0.7163828748737997,0.0010764000180643052,480,43.2,6000046,
4,TT-SVD,0.7080866048771614,0.0028307000175118446,480,43.2,,
4,Rand-Tucker,0.9029581274452101,0.0046787000028416514,448,46.285714285714285,,6500046
5,RTT-SVD,0.7129191245908767,0.0010958999919239432,480,43.2,6000047,
5,TT-SVD,0.7080866048771614,0.0027255000022705644,480,43.2,,
5,Rand-Tucker,0.8920227808084709,0.004518100002314895,448,46.285714285714285,,6500047
