p,trial,relative_frobenius_residual,expected_frobenius_bound,optimal_rank_r_tail,seed
2,0,0.225260720860304,0.5513493438023476,0.24657092241839032,10200042
2,1,0.3015274452191615,0.5513493438023476,0.24657092241839032,10200043
2,2,0.2710698562120191,0.5513493438023476,0.24657092241839032,10200044
2,3,0.2862932219938186,0.5513493438023476,0.24657092241839032,10200045
2,4,0.29196219656138983,0.5513493438023476,0.24657092241839032,10200046
2,5,0.28503341009023286,0.5513493438023476,0.24657092241839032,10200047
2,6,0.22311822259103836,0.5513493438023476,0.24657092241839032,10200048
2,7,0.29114616107402824,0.5513493438023476,0.24657092241839032,10200049
2,8,0.28116175520140374,0.5513493438023476,0.24657092241839032,10200050
2,9,0.248935072876504,0.5513493438023476,0.24657092241839032,10200051
2,10,0.2208534094914623,0.5513493438023476,0.24657092241839032,10200052
2,11,0.2524632157250495,0.5513493438023476,0.24657092241839032,10200053
2,12,0.26327471676867337,0.5513493438023476,0.24657092241839032,10200054
2,13,0.25335299102959663,0.5513493438023476,0.24657092241839032,10200055
2,14,0.33582694495882237,0.5513493438023476,0.24657092241839032,10200056
2,15,0.22636105349154012,0.5513493438023476,0.24657092241839032,10200057
2,16,0.24916877102630872,0.5513493438023476,0.24657092241839032,10200058
2,17,0.2632124272657944,0.5513493438023476,0.24657092241839032,10200059
2,18,0.2159163978622727,0.5513493438023476,0.24657092241839032,10200060
2,19,0.26394288852440717,0.5513493438023476,0.24657092241839032,10200061
2,20,0.2267875718461539,0.5513493438023476,0.24657092241839032,10200062
2,21,0.2524637084022185,0.5513493438023476,0.24657092241839032,10200063
2,22,0.23501446121567335,0.5513493438023476,0.24657092241839032,10200064
2,23,0.21411666895746273,0.5513493438023476,0.24657092241839032,10200065
2,24,0.2718705832995882,0.5513493438023476,0.24657092241839032,10200066
2,25,0.25497538846036316,0.5513493438023476,0.24657092241839032,10200067
2,26,0.24655835107098234,0.5513493438023476,0.24657092241839032,10200068
2,27,0.2690434568067069,0.5513493438023476,0.24657092241839032,10200069
2,28,0.1852743790902687,0.5513493438023476,0.24657092241839032,10200070
2,29,0.39580038582940547,0.5513493438023476,0.24657092241839032,10200071
2,30,0.3369451868778776,0.5513493438023476,0.24657092241839032,10200072
2,31,0.28593641174201756,0.5513493438023476,0.24657092241839032,10200073
2,32,0.24457038308605156,0.5513493438023476,0.24657092241839032,10200074
2,33,0.29344503773369607,0.5513493438023476,0.24657092241839032,10200075
2,34,0.23576118367228305,0.5513493438023476,0.24657092241839032,10200076
2,35,0.2939652939253897,0.5513493438023476,0.24657092241839032,10200077
2,36,0.25920812958563066,0.5513493438023476,0.24657092241839032,10200078
2,37,0.40048789674992785,0.5513493438023476,0.24657092241839032,10200079
2,38,0.27424494271624544,0.5513493438023476,0.24657092241839032,10200080
2,39,0.3620962645979728,0.5513493438023476,0.24657092241839032,10200081
2,40,0.3049859795310546,0.5513493438023476,0.24657092241839032,10200082
2,41,0.2534774158568189,0.5513493438023476,0.24657092241839032,10200083
2,42,0.33303238950259917,0.5513493438023476,0.24657092241839032,10200084
2,43,0.26442104657969495,0.5513493438023476,0.24657092241839032,10200085
2,44,0.3233064614202744,0.5513493438023476,0.24657092241839032,10200086
2,45,0.23290680357727903,0.5513493438023476,0.24657092241839032,10200087
2,46,0.3909739526735342,0.5513493438023476,0.24657092241839032,10200088
2,47,0.2749164987087809,0.5513493438023476,0.24657092241839032,10200089
2,48,0.2145046517647209,0.5513493438023476,0.24657092241839032,10200090
2,49,0.4285720635570651,0.5513493438023476,0.24657092241839032,10200091
2,50,0.33739829079337624,0.5513493438023476,0.24657092241839032,10200092
2,51,0.23522620854886603,0.5513493438023476,0.24657092241839032,10200093
2,52,0.2552103300496049,0.5513493438023476,0.24657092241839032,10200094
2,53,0.2434321762404781,0.5513493438023476,0.24657092241839032,10200095
2,54,0.2892721380769792,0.5513493438023476,0.24657092241839032,10200096
2,55,0.24350700421968863,0.5513493438023476,0.24657092241839032,10200097
2,56,0.2300897756772615,0.5513493438023476,0.24657092241839032,10200098
2,57,0.2444361235034181,0.5513493438023476,0.24657092241839032,10200099
2,58,0.2254444629562219,0.5513493438023476,0.24657092241839032,10200100
2,59,0.3507913053420756,0.5513493438023476,0.24657092241839032,10200101
2,60,0.21380158854080017,0.5513493438023476,0.24657092241839032,10200102
2,61,0.2166287145473858,0.5513493438023476,0.24657092241839032,10200103
2,62,0.33633691346550654,0.5513493438023476,0.24657092241839032,10200104
2,63,0.3010513780706927,0.5513493438023476,0.24657092241839032,10200105
2,64,0.29070116114087463,0.5513493438023476,0.24657092241839032,10200106
2,65,0.36033336030706004,0.5513493438023476,0.24657092241839032,10200107
2,66,0.2662993439047143,0.5513493438023476,0.24657092241839032,10200108
2,67,0.2413367395920826,0.5513493438023476,0.24657092241839032,10200109
2,68,0.29334561812693777,0.5513493438023476,0.24657092241839032,10200110
2,69,0.25142479509672466,0.5513493438023476,0.24657092241839032,10200111
2,70,0.367071269126214,0.5513493438023476,0.24657092241839032,10200112
2,71,0.22554564372708444,0.5513493438023476,0.24657092241839032,10200113
2,72,0.2330770147673873,0.5513493438023476,0.24657092241839032,10200114
2,73,0.26960671609143194,0.5513493438023476,0.24657092241839032,10200115
2,74,0.2381037519840525,0.5513493438023476,0.24657092241839032,10200116
2,75,0.26049717081087514,0.5513493438023476,0.24657092241839032,10200117
2,76,0.24662708967893715,0.5513493438023476,0.24657092241839032,10200118
2,77,0.2458701312551077,0.5513493438023476,0.24657092241839032,10200119
2,78,0.18789114737034163,0.5513493438023476,0.24657092241839032,10200120
2,79,0.3146111594008298,0.5513493438023476,0.24657092241839032,10200121
2,80,0.2593046575875689,0.5513493438023476,0.24657092241839032,10200122
2,81,0.2577316666630498,0.5513493438023476,0.24657092241839032,10200123
2,82,0.24693819515310295,0.5513493438023476,0.24657092241839032,10200124
2,83,0.19248875434203355,0.5513493438023476,0.24657092241839032,10200125
2,84,0.2652212351302554,0.5513493438023476,0.24657092241839032,10200126
2,85,0.20018025545226356,0.5513493438023476,0.24657092241839032,10200127
2,86,0.1853388255704811,0.5513493438023476,0.24657092241839032,10200128
2,87,0.20160001383260887,0.5513493438023476,0.24657092241839032,10200129
2,88,0.3196380858715273,0.5513493438023476,0.24657092241839032,10200130
2,89,0.2524769424784659,0.5513493438023476,0.24657092241839032,10200131
2,90,0.29775252678377906,0.5513493438023476,0.24657092241839032,10200132
2,91,0.3078664697397095,0.5513493438023476,0.24657092241839032,10200133
2,92,0.19064033288362647,0.5513493438023476,0.24657092241839032,10200134
2,93,0.24997412450323736,0.5513493438023476,0.24657092241839032,10200135
2,94,0.30664197815617295,0.5513493438023476,0.24657092241839032,10200136
2,95,0.3932665036395815,0.5513493438023476,0.24657092241839032,10200137
2,96,0.4357218375203714,0.5513493438023476,0.24657092241839032,10200138
2,97,0.26156986544789484,0.5513493438023476,0.24657092241839032,10200139
2,98,0.21658160123563014,0.5513493438023476,0.24657092241839032,10200140
2,99,0.29124223409423994,0.5513493438023476,0.24657092241839032,10200141
2,100,0.23011343928428687,0.5513493438023476,0.24657092241839032,10200142
2,101,0.3517570341175996,0.5513493438023476,0.24657092241839032,10200143
2,102,0.21853397517398512,0.5513493438023476,0.24657092241839032,10200144
2,103,0.23967252464980016,0.5513493438023476,0.24657092241839032,10200145
2,104,0.21994416476388345,0.5513493438023476,0.24657092241839032,10200146
2,105,0.26185002869398327,0.5513493438023476,0.24657092241839032,10200147
2,106,0.17933452281000928,0.5513493438023476,0.24657092241839032,10200148
2,107,0.2498211983094298,0.5513493438023476,0.24657092241839032,10200149
2,108,0.25575305835783774,0.5513493438023476,0.24657092241839032,10200150
2,109,0.18243773906959063,0.5513493438023476,0.24657092241839032,10200151
2,110,0.2822404016557762,0.5513493438023476,0.24657092241839032,10200152
2,111,0.27487366151450265,0.5513493438023476,0.24657092241839032,10200153
2,112,0.4017924075099061,0.5513493438023476,0.24657092241839032,10200154
2,113,0.31473888743863565,0.5513493438023476,0.24657092241839032,10200155
2,114,0.30322115229222174,0.5513493438023476,0.24657092241839032,10200156
2,115,0.2034540236940459,0.5513493438023476,0.24657092241839032,10200157
2,116,0.23969819178435162,0.5513493438023476,0.24657092241839032,10200158
2,117,0.2300277209140388,0.5513493438023476,0.24657092241839032,10200159
2,118,0.24826336129780813,0.5513493438023476,0.24657092241839032,10200160
2,119,0.2765482666583584,0.5513493438023476,0.24657092241839032,10200161
2,120,0.2712581912253703,0.5513493438023476,0.24657092241839032,10200162
2,121,0.23796478294766016,0.5513493438023476,0.24657092241839032,10200163
2,122,0.21409052770026527,0.5513493438023476,0.24657092241839032,10200164
2,123,0.2911654436497962,0.5513493438023476,0.24657092241839032,10200165
2,124,0.22039873650192424,0.5513493438023476,0.24657092241839032,10200166
2,125,0.24478624182694916,0.5513493438023476,0.24657092241839032,10200167
2,126,0.2198640203785083,0.5513493438023476,0.24657092241839032,10200168
2,127,0.2778491149776296,0.5513493438023476,0.24657092241839032,10200169
2,128,0.2936989920338964,0.5513493438023476,0.24657092241839032,10200170
2,129,0.28164334240541317,0.5513493438023476,0.24657092241839032,10200171
2,130,0.19387545810650944,0.5513493438023476,0.24657092241839032,10200172
2,131,0.288841846948848,0.5513493438023476,0.24657092241839032,10200173
2,132,0.22651453288750792,0.5513493438023476,0.24657092241839032,10200174
2,133,0.34847854008204876,0.5513493438023476,0.24657092241839032,10200175
2,134,0.4210080234668911,0.5513493438023476,0.24657092241839032,10200176
2,135,0.28219221323327554,0.5513493438023476,0.24657092241839032,10200177
2,136,0.4044059239741009,0.5513493438023476,0.24657092241839032,10200178
2,137,0.25200557237469623,0.5513493438023476,0.24657092241839032,10200179
2,138,0.2273942847287108,0.5513493438023476,0.24657092241839032,10200180
2,139,0.1863547049309004,0.5513493438023476,0.24657092241839032,10200181
2,140,0.29691199893570275,0.5513493438023476,0.24657092241839032,10200182
2,141,0.3248945018633033,0.5513493438023476,0.24657092241839032,10200183
2,142,0.31150682724529516,0.5513493438023476,0.24657092241839032,10200184
2,143,0.20435621985150018,0.5513493438023476,0.24657092241839032,10200185
2,144,0.2779156753685504,0.5513493438023476,0.24657092241839032,10200186
2,145,0.28205956020172257,0.5513493438023476,0.24657092241839032,10200187
2,146,0.22493713687949843,0.5513493438023476,0.24657092241839032,10200188
2,147,0.20372751727307561,0.5513493438023476,0.24657092241839032,10200189
2,148,0.2149088675431578,0.5513493438023476,0.24657092241839032,10200190
2,149,0.20920848455879168,0.5513493438023476,0.24657092241839032,10200191
2,150,0.23730561923952082,0.5513493438023476,0.24657092241839032,10200192
2,151,0.34061482896059664,0.5513493438023476,0.24657092241839032,10200193
2,152,0.24292306067825195,0.5513493438023476,0.24657092241839032,10200194
2,153,0.25993717121863064,0.5513493438023476,0.24657092241839032,10200195
2,154,0.28003747218669767,0.5513493438023476,0.24657092241839032,10200196
2,155,0.2735600468960619,0.5513493438023476,0.24657092241839032,10200197
2,156,0.23868791315304141,0.5513493438023476,0.24657092241839032,10200198
2,157,0.293843196146389,0.5513493438023476,0.24657092241839032,10200199
2,158,0.21910885263814178,0.5513493438023476,0.24657092241839032,10200200
2,159,0.22794235838422983,0.5513493438023476,0.24657092241839032,10200201
2,160,0.20915419631488774,0.5513493438023476,0.24657092241839032,10200202
2,161,0.3985450415309778,0.5513493438023476,0.24657092241839032,10200203
2,162,0.26870518512150515,0.5513493438023476,0.24657092241839032,10200204
2,163,0.29742750684618213,0.5513493438023476,0.24657092241839032,10200205
2,164,0.26140936419021527,0.5513493438023476,0.24657092241839032,10200206
2,165,0.2879426464503314,0.5513493438023476,0.24657092241839032,10200207
2,166,0.33965646779496256,0.5513493438023476,0.24657092241839032,10200208
2,167,0.3114071694513151,0.5513493438023476,0.24657092241839032,10200209
2,168,0.31170214449093986,0.5513493438023476,0.24657092241839032,10200210
2,169,0.44110443746830963,0.5513493438023476,0.24657092241839032,10200211
2,170,0.4183711079011388,0.5513493438023476,0.24657092241839032,10200212
2,171,0.3444651143855975,0.5513493438023476,0.24657092241839032,10200213
2,172,0.2542744850040392,0.5513493438023476,0.24657092241839032,10200214
2,173,0.28184878291342985,0.5513493438023476,0.24657092241839032,10200215
2,174,0.24234565181119394,0.5513493438023476,0.24657092241839032,10200216
2,175,0.21482266916061948,0.5513493438023476,0.24657092241839032,10200217
2,176,0.2738023914041731,0.5513493438023476,0.24657092241839032,10200218
2,177,0.2666297130976625,0.5513493438023476,0.24657092241839032,10200219
2,178,0.25436890492696274,0.5513493438023476,0.24657092241839032,10200220
2,179,0.30227571784199714,0.5513493438023476,0.24657092241839032,10200221
2,180,0.3418410832329708,0.5513493438023476,0.24657092241839032,10200222
2,181,0.20541873486980428,0.5513493438023476,0.24657092241839032,10200223
2,182,0.336093592688392,0.5513493438023476,0.24657092241839032,10200224
2,183,0.30980105540324415,0.5513493438023476,0.24657092241839032,10200225
2,184,0.3370848746365701,0.5513493438023476,0.24657092241839032,10200226
2,185,0.2228124407826165,0.5513493438023476,0.24657092241839032,10200227
2,186,0.25412202381788496,0.5513493438023476,0.24657092241839032,10200228
2,187,0.25635506048546963,0.5513493438023476,0.24657092241839032,10200229
2,188,0.302555670689656,0.5513493438023476,0.24657092241839032,10200230
2,189,0.284777786395277,0.5513493438023476,0.24657092241839032,10200231
2,190,0.2679110105839128,0.5513493438023476,0.24657092241839032,10200232
2,191,0.28117935487655016,0.5513493438023476,0.24657092241839032,10200233
2,192,0.3180065583739093,0.5513493438023476,0.24657092241839032,10200234
2,193,0.34069088147935406,0.5513493438023476,0.24657092241839032,10200235
2,194,0.2782166268422418,0.5513493438023476,0.24657092241839032,10200236
2,195,0.20577822990937766,0.5513493438023476,0.24657092241839032,10200237
2,196,0.1923729193182485,0.5513493438023476,0.24657092241839032,10200238
2,197,0.25221444738519405,0.5513493438023476,0.24657092241839032,10200239
2,198,0.18072013861429237,0.5513493438023476,0.24657092241839032,10200240
2,199,0.21950251524619013,0.5513493438023476,0.24657092241839032,10200241
4,0,0.152590202308481,0.37664330538578583,0.24657092241839032,10400042
4,1,0.15952429098275003,0.37664330538578583,0.24657092241839032,10400043
4,2,0.14583384664159182,0.37664330538578583,0.24657092241839032,10400044
4,3,0.1358922213548555,0.37664330538578583,0.24657092241839032,10400045
4,4,0.12100570418349532,0.37664330538578583,0.24657092241839032,10400046
4,5,0.25015992819120214,0.37664330538578583,0.24657092241839032,10400047
4,6,0.19463717675225684,0.37664330538578583,0.24657092241839032,10400048
4,7,0.16434524363306077,0.37664330538578583,0.24657092241839032,10400049
4,8,0.16870797483003144,0.37664330538578583,0.24657092241839032,10400050
4,9,0.16181812171184756,0.37664330538578583,0.24657092241839032,10400051
4,10,0.13734932918462206,0.37664330538578583,0.24657092241839032,10400052
4,11,0.17745171368604104,0.37664330538578583,0.24657092241839032,10400053
4,12,0.15335147578539188,0.37664330538578583,0.24657092241839032,10400054
4,13,0.15697863984468852,0.37664330538578583,0.24657092241839032,10400055
4,14,0.13907133248672893,0.37664330538578583,0.24657092241839032,10400056
4,15,0.1362067769106797,0.37664330538578583,0.24657092241839032,10400057
4,16,0.13151510235315494,0.37664330538578583,0.24657092241839032,10400058
4,17,0.1376904683618771,0.37664330538578583,0.24657092241839032,10400059
4,18,0.12964968875034816,0.37664330538578583,0.24657092241839032,10400060
4,19,0.15188557971623104,0.37664330538578583,0.24657092241839032,10400061
4,20,0.1828418012294976,0.37664330538578583,0.24657092241839032,10400062
4,21,0.1514076236870134,0.37664330538578583,0.24657092241839032,10400063
4,22,0.13438076225260925,0.37664330538578583,0.24657092241839032,10400064
4,23,0.162264737080043,0.37664330538578583,0.24657092241839032,10400065
4,24,0.12778659344651208,0.37664330538578583,0.24657092241839032,10400066
4,25,0.1548987850491248,0.37664330538578583,0.24657092241839032,10400067
4,26,0.1375080603176541,0.37664330538578583,0.24657092241839032,10400068
4,27,0.25682457427048166,0.37664330538578583,0.24657092241839032,10400069
4,28,0.1775777203155612,0.37664330538578583,0.24657092241839032,10400070
4,29,0.1373502900997247,0.37664330538578583,0.24657092241839032,10400071
4,30,0.21017783342036717,0.37664330538578583,0.24657092241839032,10400072
4,31,0.16381258995714743,0.37664330538578583,0.24657092241839032,10400073
4,32,0.12874574744065756,0.37664330538578583,0.24657092241839032,10400074
4,33,0.13274461029779794,0.37664330538578583,0.24657092241839032,10400075
4,34,0.12949633715761144,0.37664330538578583,0.24657092241839032,10400076
4,35,0.13110999806838328,0.37664330538578583,0.24657092241839032,10400077
4,36,0.13720692063925086,0.37664330538578583,0.24657092241839032,10400078
4,37,0.15402527670775315,0.37664330538578583,0.24657092241839032,10400079
4,38,0.12367247444344973,0.37664330538578583,0.24657092241839032,10400080
4,39,0.1476932677639168,0.37664330538578583,0.24657092241839032,10400081
4,40,0.10027197270021512,0.37664330538578583,0.24657092241839032,10400082
4,41,0.10937683382588294,0.37664330538578583,0.24657092241839032,10400083
4,42,0.16732437007754003,0.37664330538578583,0.24657092241839032,10400084
4,43,0.12720932371256694,0.37664330538578583,0.24657092241839032,10400085
4,44,0.14537374991325,0.37664330538578583,0.24657092241839032,10400086
4,45,0.19556662700120175,0.37664330538578583,0.24657092241839032,10400087
4,46,0.18373437704719991,0.37664330538578583,0.24657092241839032,10400088
4,47,0.15715590863169485,0.37664330538578583,0.24657092241839032,10400089
4,48,0.1389203470450879,0.37664330538578583,0.24657092241839032,10400090
4,49,0.1974592879084558,0.37664330538578583,0.24657092241839032,10400091
4,50,0.12263341801795957,0.37664330538578583,0.24657092241839032,10400092
4,51,0.1571156566700175,0.37664330538578583,0.24657092241839032,10400093
4,52,0.10711516319217894,0.37664330538578583,0.24657092241839032,10400094
4,53,0.19059868745815853,0.37664330538578583,0.24657092241839032,10400095
4,54,0.14270298191057915,0.37664330538578583,0.24657092241839032,10400096
4,55,0.20395578637144193,0.37664330538578583,0.24657092241839032,10400097
4,56,0.1291828953710767,0.37664330538578583,0.24657092241839032,10400098
4,57,0.15883232869067027,0.37664330538578583,0.24657092241839032,10400099
4,58,0.17961060158750408,0.37664330538578583,0.24657092241839032,10400100
4,59,0.22685232647688475,0.37664330538578583,0.24657092241839032,10400101
4,60,0.18121308243270637,0.37664330538578583,0.24657092241839032,10400102
4,61,0.12674745222283226,0.37664330538578583,0.24657092241839032,10400103
4,62,0.14816305134016827,0.37664330538578583,0.24657092241839032,10400104
4,63,0.14178875981096273,0.37664330538578583,0.24657092241839032,10400105
4,64,0.14365111317647328,0.37664330538578583,0.24657092241839032,10400106
4,65,0.11703407680671919,0.37664330538578583,0.24657092241839032,10400107
4,66,0.16566951967407384,0.37664330538578583,0.24657092241839032,10400108
4,67,0.18164956618805272,0.37664330538578583,0.24657092241839032,10400109
4,68,0.16952492637926114,0.37664330538578583,0.24657092241839032,10400110
4,69,0.20854222254106963,0.37664330538578583,0.24657092241839032,10400111
4,70,0.14484657978352047,0.37664330538578583,0.24657092241839032,10400112
4,71,0.1635240331313824,0.37664330538578583,0.24657092241839032,10400113
4,72,0.15708406601706607,0.37664330538578583,0.24657092241839032,10400114
4,73,0.12079699182830952,0.37664330538578583,0.24657092241839032,10400115
4,74,0.16274766935258664,0.37664330538578583,0.24657092241839032,10400116
4,75,0.2611239888917572,0.37664330538578583,0.24657092241839032,10400117
4,76,0.11869878306336189,0.37664330538578583,0.24657092241839032,10400118
4,77,0.16174702282450198,0.37664330538578583,0.24657092241839032,10400119
4,78,0.11244370897157191,0.37664330538578583,0.24657092241839032,10400120
4,79,0.117836018701654,0.37664330538578583,0.24657092241839032,10400121
4,80,0.18217334554997935,0.37664330538578583,0.24657092241839032,10400122
4,81,0.13035058396454827,0.37664330538578583,0.24657092241839032,10400123
4,82,0.13090971928744163,0.37664330538578583,0.24657092241839032,10400124
4,83,0.2109013010743472,0.37664330538578583,0.24657092241839032,10400125
4,84,0.1509135283375608,0.37664330538578583,0.24657092241839032,10400126
4,85,0.21813046309381398,0.37664330538578583,0.24657092241839032,10400127
4,86,0.196040906208445,0.37664330538578583,0.24657092241839032,10400128
4,87,0.09835556058725586,0.37664330538578583,0.24657092241839032,10400129
4,88,0.1500344106267239,0.37664330538578583,0.24657092241839032,10400130
4,89,0.11475758116889884,0.37664330538578583,0.24657092241839032,10400131
4,90,0.13256649630805686,0.37664330538578583,0.24657092241839032,10400132
4,91,0.18500740883840094,0.37664330538578583,0.24657092241839032,10400133
4,92,0.10665482472502331,0.37664330538578583,0.24657092241839032,10400134
4,93,0.16597350694509763,0.37664330538578583,0.24657092241839032,10400135
4,94,0.14457488455020345,0.37664330538578583,0.24657092241839032,10400136
4,95,0.19536486026075106,0.37664330538578583,0.24657092241839032,10400137
4,96,0.1655540852634711,0.37664330538578583,0.24657092241839032,10400138
4,97,0.16267326194964374,0.37664330538578583,0.24657092241839032,10400139
4,98,0.20472532576693672,0.37664330538578583,0.24657092241839032,10400140
4,99,0.21171596206741278,0.37664330538578583,0.24657092241839032,10400141
4,100,0.22526614115417778,0.37664330538578583,0.24657092241839032,10400142
4,101,0.14472425535679176,0.37664330538578583,0.24657092241839032,10400143
4,102,0.1296098182611907,0.37664330538578583,0.24657092241839032,10400144
4,103,0.1645843888709194,0.37664330538578583,0.24657092241839032,10400145
4,104,0.15819090007236086,0.37664330538578583,0.24657092241839032,10400146
4,105,0.14226832904562178,0.37664330538578583,0.24657092241839032,10400147
4,106,0.12233318720567643,0.37664330538578583,0.24657092241839032,10400148
4,107,0.20085118100848984,0.37664330538578583,0.24657092241839032,10400149
4,108,0.13682551503597276,0.37664330538578583,0.24657092241839032,10400150
4,109,0.13290380465428733,0.37664330538578583,0.24657092241839032,10400151
4,110,0.09615169802725082,0.37664330538578583,0.24657092241839032,10400152
4,111,0.17789359477663055,0.37664330538578583,0.24657092241839032,10400153
4,112,0.15549869361250218,0.37664330538578583,0.24657092241839032,10400154
4,113,0.19536067271987825,0.37664330538578583,0.24657092241839032,10400155
4,114,0.09731743989926189,0.37664330538578583,0.24657092241839032,10400156
4,115,0.21261149702685114,0.37664330538578583,0.24657092241839032,10400157
4,116,0.1883791018406933,0.37664330538578583,0.24657092241839032,10400158
4,117,0.1479649335237356,0.37664330538578583,0.24657092241839032,10400159
4,118,0.09544663074504792,0.37664330538578583,0.24657092241839032,10400160
4,119,0.11571052261259199,0.37664330538578583,0.24657092241839032,10400161
4,120,0.1159908368863675,0.37664330538578583,0.24657092241839032,10400162
4,121,0.13671608442731822,0.37664330538578583,0.24657092241839032,10400163
4,122,0.19456547485885792,0.37664330538578583,0.24657092241839032,10400164
4,123,0.12927778329289633,0.37664330538578583,0.24657092241839032,10400165
4,124,0.2130052823746039,0.37664330538578583,0.24657092241839032,10400166
4,125,0.18646180096432907,0.37664330538578583,0.24657092241839032,10400167
4,126,0.15752839986825493,0.37664330538578583,0.24657092241839032,10400168
4,127,0.11907417688761103,0.37664330538578583,0.24657092241839032,10400169
4,128,0.13565657744123544,0.37664330538578583,0.24657092241839032,10400170
4,129,0.1946036740480837,0.37664330538578583,0.24657092241839032,10400171
4,130,0.13754751815564928,0.37664330538578583,0.24657092241839032,10400172
4,131,0.14586736044261908,0.37664330538578583,0.24657092241839032,10400173
4,132,0.1473891870908644,0.37664330538578583,0.24657092241839032,10400174
4,133,0.20806818305366853,0.37664330538578583,0.24657092241839032,10400175
4,134,0.1293470984959827,0.37664330538578583,0.24657092241839032,10400176
4,135,0.15609699267870633,0.37664330538578583,0.24657092241839032,10400177
4,136,0.16957609664141995,0.37664330538578583,0.24657092241839032,10400178
4,137,0.1694759405382835,0.37664330538578583,0.24657092241839032,10400179
4,138,0.11897583547296213,0.37664330538578583,0.24657092241839032,10400180
4,139,0.09747877615276704,0.37664330538578583,0.24657092241839032,10400181
4,140,0.1928620844736237,0.37664330538578583,0.24657092241839032,10400182
4,141,0.19345779050083767,0.37664330538578583,0.24657092241839032,10400183
4,142,0.15399220144514253,0.37664330538578583,0.24657092241839032,10400184
4,143,0.16210293164552353,0.37664330538578583,0.24657092241839032,10400185
4,144,0.23317667662638086,0.37664330538578583,0.24657092241839032,10400186
4,145,0.0933059763895679,0.37664330538578583,0.24657092241839032,10400187
4,146,0.15324833889426726,0.37664330538578583,0.24657092241839032,10400188
4,147,0.14399209900855975,0.37664330538578583,0.24657092241839032,10400189
4,148,0.1955664050452622,0.37664330538578583,0.24657092241839032,10400190
4,149,0.15570246484969302,0.37664330538578583,0.24657092241839032,10400191
4,150,0.09186345187619703,0.37664330538578583,0.24657092241839032,10400192
4,151,0.21321158914187605,0.37664330538578583,0.24657092241839032,10400193
4,152,0.14612234191852666,0.37664330538578583,0.24657092241839032,10400194
4,153,0.17582210459904224,0.37664330538578583,0.24657092241839032,10400195
4,154,0.11812089639160554,0.37664330538578583,0.24657092241839032,10400196
4,155,0.24834091922588705,0.37664330538578583,0.24657092241839032,10400197
4,156,0.13623170010071692,0.37664330538578583,0.24657092241839032,10400198
4,157,0.1533230702925632,0.37664330538578583,0.24657092241839032,10400199
4,158,0.12742744595623776,0.37664330538578583,0.24657092241839032,10400200
4,159,0.11636947067231021,0.37664330538578583,0.24657092241839032,10400201
4,160,0.2168629823142916,0.37664330538578583,0.24657092241839032,10400202
4,161,0.20107753137035758,0.37664330538578583,0.24657092241839032,10400203
4,162,0.19203881336504183,0.37664330538578583,0.24657092241839032,10400204
4,163,0.16188761754575381,0.37664330538578583,0.24657092241839032,10400205
4,164,0.14307331325738204,0.37664330538578583,0.24657092241839032,10400206
4,165,0.11302115426432507,0.37664330538578583,0.24657092241839032,10400207
4,166,0.1104383425879458,0.37664330538578583,0.24657092241839032,10400208
4,167,0.1793331480473503,0.37664330538578583,0.24657092241839032,10400209
4,168,0.1769008778105647,0.37664330538578583,0.24657092241839032,10400210
4,169,0.18479601995109593,0.37664330538578583,0.24657092241839032,10400211
4,170,0.11612498300154275,0.37664330538578583,0.24657092241839032,10400212
4,171,0.14944687180081262,0.37664330538578583,0.24657092241839032,10400213
4,172,0.18351648346435015,0.37664330538578583,0.24657092241839032,10400214
4,173,0.17754357853906796,0.37664330538578583,0.24657092241839032,10400215
4,174,0.09964769076561665,0.37664330538578583,0.24657092241839032,10400216
4,175,0.15527017427806916,0.37664330538578583,0.24657092241839032,10400217
4,176,0.2184843109662413,0.37664330538578583,0.24657092241839032,10400218
4,177,0.1809662889701188,0.37664330538578583,0.24657092241839032,10400219
4,178,0.18170735852320802,0.37664330538578583,0.24657092241839032,10400220
4,179,0.16975887892810373,0.37664330538578583,0.24657092241839032,10400221
4,180,0.1718701560880164,0.37664330538578583,0.24657092241839032,10400222
4,181,0.13208685958439667,0.37664330538578583,0.24657092241839032,10400223
4,182,0.17733150777423895,0.37664330538578583,0.24657092241839032,10400224
4,183,0.18103254363931834,0.37664330538578583,0.24657092241839032,10400225
4,184,0.14751532483342553,0.37664330538578583,0.24657092241839032,10400226
4,185,0.14514510640376815,0.37664330538578583,0.24657092241839032,10400227
4,186,0.10606482732489592,0.37664330538578583,0.24657092241839032,10400228
4,187,0.14806288100500362,0.37664330538578583,0.24657092241839032,10400229
4,188,0.29115153392288684,0.37664330538578583,0.24657092241839032,10400230
4,189,0.15577713630514242,0.37664330538578583,0.24657092241839032,10400231
4,190,0.11438690114140117,0.37664330538578583,0.24657092241839032,10400232
4,191,0.14739604218527014,0.37664330538578583,0.24657092241839032,10400233
4,192,0.1692663015526915,0.37664330538578583,0.24657092241839032,10400234
4,193,0.14523846273994725,0.37664330538578583,0.24657092241839032,10400235
4,194,0.12221998695394039,0.37664330538578583,0.24657092241839032,10400236
4,195,0.10853016498290273,0.37664330538578583,0.24657092241839032,10400237
4,196,0.1310600203816139,0.37664330538578583,0.24657092241839032,10400238
4,197,0.17083625979945286,0.37664330538578583,0.24657092241839032,10400239
4,198,0.12219408117769,0.37664330538578583,0.24657092241839032,10400240
4,199,0.1162451040702188,0.37664330538578583,0.24657092241839032,10400241
6,0,0.0493405463971739,0.33080960628140854,0.24657092241839032,10600042
6,1,0.07276705960229929,0.33080960628140854,0.24657092241839032,10600043
6,2,0.12006347452672353,0.33080960628140854,0.24657092241839032,10600044
6,3,0.14236951597015937,0.33080960628140854,0.24657092241839032,10600045
6,4,0.10855765185934896,0.33080960628140854,0.24657092241839032,10600046
6,5,0.10305847180500478,0.33080960628140854,0.24657092241839032,10600047
6,6,0.07632757111444331,0.33080960628140854,0.24657092241839032,10600048
6,7,0.09416632788265127,0.33080960628140854,0.24657092241839032,10600049
6,8,0.0723433123841886,0.33080960628140854,0.24657092241839032,10600050
6,9,0.09792789136247736,0.33080960628140854,0.24657092241839032,10600051
6,10,0.08312402034098883,0.33080960628140854,0.24657092241839032,10600052
6,11,0.0633426134375281,0.33080960628140854,0.24657092241839032,10600053
6,12,0.07068945583714026,0.33080960628140854,0.24657092241839032,10600054
6,13,0.10474546234016997,0.33080960628140854,0.24657092241839032,10600055
6,14,0.06656597052979844,0.33080960628140854,0.24657092241839032,10600056
6,15,0.08166407055266005,0.33080960628140854,0.24657092241839032,10600057
6,16,0.11747170727789254,0.33080960628140854,0.24657092241839032,10600058
6,17,0.06677236487241839,0.33080960628140854,0.24657092241839032,10600059
6,18,0.06966805354084801,0.33080960628140854,0.24657092241839032,10600060
6,19,0.11995142139221047,0.33080960628140854,0.24657092241839032,10600061
6,20,0.07146390468624952,0.33080960628140854,0.24657092241839032,10600062
6,21,0.06107313481015071,0.33080960628140854,0.24657092241839032,10600063
6,22,0.10524115554185068,0.33080960628140854,0.24657092241839032,10600064
6,23,0.07389610559170069,0.33080960628140854,0.24657092241839032,10600065
6,24,0.09216835946631859,0.33080960628140854,0.24657092241839032,10600066
6,25,0.06991956741408388,0.33080960628140854,0.24657092241839032,10600067
6,26,0.088110067217142,0.33080960628140854,0.24657092241839032,10600068
6,27,0.08779166197855462,0.33080960628140854,0.24657092241839032,10600069
6,28,0.1512769221192948,0.33080960628140854,0.24657092241839032,10600070
6,29,0.07864555952505631,0.33080960628140854,0.24657092241839032,10600071
6,30,0.07774531199384806,0.33080960628140854,0.24657092241839032,10600072
6,31,0.06607185999318056,0.33080960628140854,0.24657092241839032,10600073
6,32,0.07680049684197504,0.33080960628140854,0.24657092241839032,10600074
6,33,0.10573854381642572,0.33080960628140854,0.24657092241839032,10600075
6,34,0.10886415229764243,0.33080960628140854,0.24657092241839032,10600076
6,35,0.07343147290087672,0.33080960628140854,0.24657092241839032,10600077
6,36,0.08358954059526809,0.33080960628140854,0.24657092241839032,10600078
6,37,0.07889964527152335,0.33080960628140854,0.24657092241839032,10600079
6,38,0.08610780405538232,0.33080960628140854,0.24657092241839032,10600080
6,39,0.08161823656279035,0.33080960628140854,0.24657092241839032,10600081
6,40,0.07787349321487583,0.33080960628140854,0.24657092241839032,10600082
6,41,0.07029982409811995,0.33080960628140854,0.24657092241839032,10600083
6,42,0.07901234430408831,0.33080960628140854,0.24657092241839032,10600084
6,43,0.05468777008095108,0.33080960628140854,0.24657092241839032,10600085
6,44,0.08723043726647699,0.33080960628140854,0.24657092241839032,10600086
6,45,0.10318219443204395,0.33080960628140854,0.24657092241839032,10600087
6,46,0.0998910348737356,0.33080960628140854,0.24657092241839032,10600088
6,47,0.09152049284459308,0.33080960628140854,0.24657092241839032,10600089
6,48,0.1059675925818011,0.33080960628140854,0.24657092241839032,10600090
6,49,0.07403712869848318,0.33080960628140854,0.24657092241839032,10600091
6,50,0.04668233213507182,0.33080960628140854,0.24657092241839032,10600092
6,51,0.11357373201135651,0.33080960628140854,0.24657092241839032,10600093
6,52,0.11384695635928,0.33080960628140854,0.24657092241839032,10600094
6,53,0.1255196631555551,0.33080960628140854,0.24657092241839032,10600095
6,54,0.09319285263457383,0.33080960628140854,0.24657092241839032,10600096
6,55,0.10824307726651626,0.33080960628140854,0.24657092241839032,10600097
6,56,0.09546886923484159,0.33080960628140854,0.24657092241839032,10600098
6,57,0.09369916747486846,0.33080960628140854,0.24657092241839032,10600099
6,58,0.14085609885684175,0.33080960628140854,0.24657092241839032,10600100
6,59,0.06675138270677829,0.33080960628140854,0.24657092241839032,10600101
6,60,0.0993992453798099,0.33080960628140854,0.24657092241839032,10600102
6,61,0.0727060692058264,0.33080960628140854,0.24657092241839032,10600103
6,62,0.08032223663965893,0.33080960628140854,0.24657092241839032,10600104
6,63,0.05802597605366979,0.33080960628140854,0.24657092241839032,10600105
6,64,0.09817788581596006,0.33080960628140854,0.24657092241839032,10600106
6,65,0.05739368039010158,0.33080960628140854,0.24657092241839032,10600107
6,66,0.08150830394050462,0.33080960628140854,0.24657092241839032,10600108
6,67,0.1227975470268663,0.33080960628140854,0.24657092241839032,10600109
6,68,0.10169127878886794,0.33080960628140854,0.24657092241839032,10600110
6,69,0.09862281302632442,0.33080960628140854,0.24657092241839032,10600111
6,70,0.09287189819267319,0.33080960628140854,0.24657092241839032,10600112
6,71,0.060788267874411,0.33080960628140854,0.24657092241839032,10600113
6,72,0.11075475847992439,0.33080960628140854,0.24657092241839032,10600114
6,73,0.07654363824295268,0.33080960628140854,0.24657092241839032,10600115
6,74,0.07710274399781386,0.33080960628140854,0.24657092241839032,10600116
6,75,0.09320472024745877,0.33080960628140854,0.24657092241839032,10600117
6,76,0.0769409479374682,0.33080960628140854,0.24657092241839032,10600118
6,77,0.07636071323000837,0.33080960628140854,0.24657092241839032,10600119
6,78,0.09860523577780941,0.33080960628140854,0.24657092241839032,10600120
6,79,0.08226370587016388,0.33080960628140854,0.24657092241839032,10600121
6,80,0.07066240900615575,0.33080960628140854,0.24657092241839032,10600122
6,81,0.05921145743225064,0.33080960628140854,0.24657092241839032,10600123
6,82,0.07823817286265344,0.33080960628140854,0.24657092241839032,10600124
6,83,0.08561124742358411,0.33080960628140854,0.24657092241839032,10600125
6,84,0.05766036492479989,0.33080960628140854,0.24657092241839032,10600126
6,85,0.0651321547670766,0.33080960628140854,0.24657092241839032,10600127
6,86,0.11416366548441567,0.33080960628140854,0.24657092241839032,10600128
6,87,0.07276191395560257,0.33080960628140854,0.24657092241839032,10600129
6,88,0.06721538366043522,0.33080960628140854,0.24657092241839032,10600130
6,89,0.08833112107421828,0.33080960628140854,0.24657092241839032,10600131
6,90,0.07942979604890382,0.33080960628140854,0.24657092241839032,10600132
6,91,0.08034405762574309,0.33080960628140854,0.24657092241839032,10600133
6,92,0.09940715202526933,0.33080960628140854,0.24657092241839032,10600134
6,93,0.06066488480331797,0.33080960628140854,0.24657092241839032,10600135
6,94,0.05248529924048885,0.33080960628140854,0.24657092241839032,10600136
6,95,0.14065496133307342,0.33080960628140854,0.24657092241839032,10600137
6,96,0.08114834818054945,0.33080960628140854,0.24657092241839032,10600138
6,97,0.10407302684917819,0.33080960628140854,0.24657092241839032,10600139
6,98,0.08908226540428174,0.33080960628140854,0.24657092241839032,10600140
6,99,0.0606531898425705,0.33080960628140854,0.24657092241839032,10600141
6,100,0.08381280153186292,0.33080960628140854,0.24657092241839032,10600142
6,101,0.06105941934209461,0.33080960628140854,0.24657092241839032,10600143
6,102,0.05550331244759978,0.33080960628140854,0.24657092241839032,10600144
6,103,0.08298126160054181,0.33080960628140854,0.24657092241839032,10600145
6,104,0.06480400152183503,0.33080960628140854,0.24657092241839032,10600146
6,105,0.1271229290047386,0.33080960628140854,0.24657092241839032,10600147
6,106,0.11750418608362947,0.33080960628140854,0.24657092241839032,10600148
6,107,0.07626542938706495,0.33080960628140854,0.24657092241839032,10600149
6,108,0.1015174398384631,0.33080960628140854,0.24657092241839032,10600150
6,109,0.07782785815052704,0.33080960628140854,0.24657092241839032,10600151
6,110,0.11291659630863687,0.33080960628140854,0.24657092241839032,10600152
6,111,0.12047854536147952,0.33080960628140854,0.24657092241839032,10600153
6,112,0.09055516831078227,0.33080960628140854,0.24657092241839032,10600154
6,113,0.08952922026479718,0.33080960628140854,0.24657092241839032,10600155
6,114,0.0723373491328811,0.33080960628140854,0.24657092241839032,10600156
6,115,0.12741098113006105,0.33080960628140854,0.24657092241839032,10600157
6,116,0.12738480163715526,0.33080960628140854,0.24657092241839032,10600158
6,117,0.06376084266129645,0.33080960628140854,0.24657092241839032,10600159
6,118,0.08535682710380291,0.33080960628140854,0.24657092241839032,10600160
6,119,0.078977753862431,0.33080960628140854,0.24657092241839032,10600161
6,120,0.07149208012747968,0.33080960628140854,0.24657092241839032,10600162
6,121,0.0782977664400204,0.33080960628140854,0.24657092241839032,10600163
6,122,0.06330161436654612,0.33080960628140854,0.24657092241839032,10600164
6,123,0.09021966712909686,0.33080960628140854,0.24657092241839032,10600165
6,124,0.09836501913393776,0.33080960628140854,0.24657092241839032,10600166
6,125,0.07378896360710259,0.33080960628140854,0.24657092241839032,10600167
6,126,0.09775902349861293,0.33080960628140854,0.24657092241839032,10600168
6,127,0.068449871442898,0.33080960628140854,0.24657092241839032,10600169
6,128,0.12281189233951133,0.33080960628140854,0.24657092241839032,10600170
6,129,0.08397211786657799,0.33080960628140854,0.24657092241839032,10600171
6,130,0.08520888635881874,0.33080960628140854,0.24657092241839032,10600172
6,131,0.07880841033281474,0.33080960628140854,0.24657092241839032,10600173
6,132,0.05592548559259658,0.33080960628140854,0.24657092241839032,10600174
6,133,0.08059742918063503,0.33080960628140854,0.24657092241839032,10600175
6,134,0.10220478359945198,0.33080960628140854,0.24657092241839032,10600176
6,135,0.09387130320444352,0.33080960628140854,0.24657092241839032,10600177
6,136,0.07239437667733652,0.33080960628140854,0.24657092241839032,10600178
6,137,0.0964000952714218,0.33080960628140854,0.24657092241839032,10600179
6,138,0.1519566162729169,0.33080960628140854,0.24657092241839032,10600180
6,139,0.10494865033505987,0.33080960628140854,0.24657092241839032,10600181
6,140,0.07473486250610883,0.33080960628140854,0.24657092241839032,10600182
6,141,0.07770194051497205,0.33080960628140854,0.24657092241839032,10600183
6,142,0.06509416970602978,0.33080960628140854,0.24657092241839032,10600184
6,143,0.1102310120292264,0.33080960628140854,0.24657092241839032,10600185
6,144,0.11701229543342734,0.33080960628140854,0.24657092241839032,10600186
6,145,0.08385211334369227,0.33080960628140854,0.24657092241839032,10600187
6,146,0.06993329567264517,0.33080960628140854,0.24657092241839032,10600188
6,147,0.07701557392962771,0.33080960628140854,0.24657092241839032,10600189
6,148,0.06842297628835925,0.33080960628140854,0.24657092241839032,10600190
6,149,0.08555228926372013,0.33080960628140854,0.24657092241839032,10600191
6,150,0.10046584124510925,0.33080960628140854,0.24657092241839032,10600192
6,151,0.13388572831843848,0.33080960628140854,0.24657092241839032,10600193
6,152,0.0868386383240785,0.33080960628140854,0.24657092241839032,10600194
6,153,0.06112108734207267,0.33080960628140854,0.24657092241839032,10600195
6,154,0.06786789145583304,0.33080960628140854,0.24657092241839032,10600196
6,155,0.08597447354283252,0.33080960628140854,0.24657092241839032,10600197
6,156,0.09326237975163217,0.33080960628140854,0.24657092241839032,10600198
6,157,0.10651941726751261,0.33080960628140854,0.24657092241839032,10600199
6,158,0.1019451213057808,0.33080960628140854,0.24657092241839032,10600200
6,159,0.078912450781224,0.33080960628140854,0.24657092241839032,10600201
6,160,0.07592994540578506,0.33080960628140854,0.24657092241839032,10600202
6,161,0.12530785055872595,0.33080960628140854,0.24657092241839032,10600203
6,162,0.09449293861959619,0.33080960628140854,0.24657092241839032,10600204
6,163,0.06119563367791182,0.33080960628140854,0.24657092241839032,10600205
6,164,0.0910302661477863,0.33080960628140854,0.24657092241839032,10600206
6,165,0.07164362733200128,0.33080960628140854,0.24657092241839032,10600207
6,166,0.06777358140639894,0.33080960628140854,0.24657092241839032,10600208
6,167,0.0706964667930343,0.33080960628140854,0.24657092241839032,10600209
6,168,0.11591516471466387,0.33080960628140854,0.24657092241839032,10600210
6,169,0.05440356356563327,0.33080960628140854,0.24657092241839032,10600211
6,170,0.07538115257027919,0.33080960628140854,0.24657092241839032,10600212
6,171,0.09009095476587832,0.33080960628140854,0.24657092241839032,10600213
6,172,0.1261865718862974,0.33080960628140854,0.24657092241839032,10600214
6,173,0.07997194410388488,0.33080960628140854,0.24657092241839032,10600215
6,174,0.11830912603679761,0.33080960628140854,0.24657092241839032,10600216
6,175,0.06375078516234708,0.33080960628140854,0.24657092241839032,10600217
6,176,0.09668875235948779,0.33080960628140854,0.24657092241839032,10600218
6,177,0.06530034451303832,0.33080960628140854,0.24657092241839032,10600219
6,178,0.09577753320297902,0.33080960628140854,0.24657092241839032,10600220
6,179,0.07166232931974188,0.33080960628140854,0.24657092241839032,10600221
6,180,0.08339482847055664,0.33080960628140854,0.24657092241839032,10600222
6,181,0.08440354325495857,0.33080960628140854,0.24657092241839032,10600223
6,182,0.10903941171754185,0.33080960628140854,0.24657092241839032,10600224
6,183,0.11054541755938146,0.33080960628140854,0.24657092241839032,10600225
6,184,0.09637187756516614,0.33080960628140854,0.24657092241839032,10600226
6,185,0.09233562686355322,0.33080960628140854,0.24657092241839032,10600227
6,186,0.08340308275705931,0.33080960628140854,0.24657092241839032,10600228
6,187,0.06824680002446479,0.33080960628140854,0.24657092241839032,10600229
6,188,0.0946808640257895,0.33080960628140854,0.24657092241839032,10600230
6,189,0.07665819862787403,0.33080960628140854,0.24657092241839032,10600231
6,190,0.059917167446937036,0.33080960628140854,0.24657092241839032,10600232
6,191,0.06440790919322686,0.33080960628140854,0.24657092241839032,10600233
6,192,0.08452880665059175,0.33080960628140854,0.24657092241839032,10600234
6,193,0.09651127449000607,0.33080960628140854,0.24657092241839032,10600235
6,194,0.10285075740498491,0.33080960628140854,0.24657092241839032,10600236
6,195,0.06064709220886325,0.33080960628140854,0.24657092241839032,10600237
6,196,0.0985550912979755,0.33080960628140854,0.24657092241839032,10600238
6,197,0.07342732684518173,0.33080960628140854,0.24657092241839032,10600239
6,198,0.09234643386056125,0.33080960628140854,0.24657092241839032,10600240
6,199,0.07321343967196102,0.33080960628140854,0.24657092241839032,10600241
8,0,0.034128583888029376,0.3090930090268287,0.24657092241839032,10800042
8,1,0.03639186703876145,0.3090930090268287,0.24657092241839032,10800043
8,2,0.09997625251149646,0.3090930090268287,0.24657092241839032,10800044
8,3,0.060505008899179556,0.3090930090268287,0.24657092241839032,10800045
8,4,0.045497934209125505,0.3090930090268287,0.24657092241839032,10800046
8,5,0.040201890575730787,0.3090930090268287,0.24657092241839032,10800047
8,6,0.06112105169555919,0.3090930090268287,0.24657092241839032,10800048
8,7,0.03514195395768647,0.3090930090268287,0.24657092241839032,10800049
8,8,0.047806705897894895,0.3090930090268287,0.24657092241839032,10800050
8,9,0.03561185096530283,0.3090930090268287,0.24657092241839032,10800051
8,10,0.0425556770697153,0.3090930090268287,0.24657092241839032,10800052
8,11,0.045972387132779194,0.3090930090268287,0.24657092241839032,10800053
8,12,0.04066925814699822,0.3090930090268287,0.24657092241839032,10800054
8,13,0.042224751986034016,0.3090930090268287,0.24657092241839032,10800055
8,14,0.054248056980060085,0.3090930090268287,0.24657092241839032,10800056
8,15,0.05417255726882295,0.3090930090268287,0.24657092241839032,10800057
8,16,0.056002815344918924,0.3090930090268287,0.24657092241839032,10800058
8,17,0.037577694702351,0.3090930090268287,0.24657092241839032,10800059
8,18,0.03802303642162423,0.3090930090268287,0.24657092241839032,10800060
8,19,0.039134657216210914,0.3090930090268287,0.24657092241839032,10800061
8,20,0.03517136600274054,0.3090930090268287,0.24657092241839032,10800062
8,21,0.04089354568309496,0.3090930090268287,0.24657092241839032,10800063
8,22,0.037510727710131885,0.3090930090268287,0.24657092241839032,10800064
8,23,0.034521945431150676,0.3090930090268287,0.24657092241839032,10800065
8,24,0.04037875740136575,0.3090930090268287,0.24657092241839032,10800066
8,25,0.03233913882405534,0.3090930090268287,0.24657092241839032,10800067
8,26,0.04775850142630056,0.3090930090268287,0.24657092241839032,10800068
8,27,0.044684287412438836,0.3090930090268287,0.24657092241839032,10800069
8,28,0.03621164337721409,0.3090930090268287,0.24657092241839032,10800070
8,29,0.04684363503300539,0.3090930090268287,0.24657092241839032,10800071
8,30,0.04223211581750423,0.3090930090268287,0.24657092241839032,10800072
8,31,0.05511211426106352,0.3090930090268287,0.24657092241839032,10800073
8,32,0.07796225090038354,0.3090930090268287,0.24657092241839032,10800074
8,33,0.033737942084481554,0.3090930090268287,0.24657092241839032,10800075
8,34,0.03152907955486796,0.3090930090268287,0.24657092241839032,10800076
8,35,0.03724412821806664,0.3090930090268287,0.24657092241839032,10800077
8,36,0.032317121451362014,0.3090930090268287,0.24657092241839032,10800078
8,37,0.07917502435723066,0.3090930090268287,0.24657092241839032,10800079
8,38,0.035336592629801246,0.3090930090268287,0.24657092241839032,10800080
8,39,0.06812717924616968,0.3090930090268287,0.24657092241839032,10800081
8,40,0.051138015645400305,0.3090930090268287,0.24657092241839032,10800082
8,41,0.051668610118881304,0.3090930090268287,0.24657092241839032,10800083
8,42,0.03654241154169523,0.3090930090268287,0.24657092241839032,10800084
8,43,0.05319772393578183,0.3090930090268287,0.24657092241839032,10800085
8,44,0.056725776385324646,0.3090930090268287,0.24657092241839032,10800086
8,45,0.030214606207939837,0.3090930090268287,0.24657092241839032,10800087
8,46,0.04881859545584059,0.3090930090268287,0.24657092241839032,10800088
8,47,0.05902248178346488,0.3090930090268287,0.24657092241839032,10800089
8,48,0.06036430293581224,0.3090930090268287,0.24657092241839032,10800090
8,49,0.039066772000721874,0.3090930090268287,0.24657092241839032,10800091
8,50,0.040200907019969236,0.3090930090268287,0.24657092241839032,10800092
8,51,0.033693438227059176,0.3090930090268287,0.24657092241839032,10800093
8,52,0.038544741371452654,0.3090930090268287,0.24657092241839032,10800094
8,53,0.031569310531786486,0.3090930090268287,0.24657092241839032,10800095
8,54,0.06004665766503164,0.3090930090268287,0.24657092241839032,10800096
8,55,0.03832338676674009,0.3090930090268287,0.24657092241839032,10800097
8,56,0.03611456864266636,0.3090930090268287,0.24657092241839032,10800098
8,57,0.04503983239891657,0.3090930090268287,0.24657092241839032,10800099
8,58,0.03798254525026359,0.3090930090268287,0.24657092241839032,10800100
8,59,0.033070563769846795,0.3090930090268287,0.24657092241839032,10800101
8,60,0.042540819536987025,0.3090930090268287,0.24657092241839032,10800102
8,61,0.05461872063612928,0.3090930090268287,0.24657092241839032,10800103
8,62,0.0486460008669982,0.3090930090268287,0.24657092241839032,10800104
8,63,0.04586140161645841,0.3090930090268287,0.24657092241839032,10800105
8,64,0.043734060122073204,0.3090930090268287,0.24657092241839032,10800106
8,65,0.029235498349757538,0.3090930090268287,0.24657092241839032,10800107
8,66,0.0516621423076735,0.3090930090268287,0.24657092241839032,10800108
8,67,0.051762044513497786,0.3090930090268287,0.24657092241839032,10800109
8,68,0.04432391450095905,0.3090930090268287,0.24657092241839032,10800110
8,69,0.03258434949516242,0.3090930090268287,0.24657092241839032,10800111
8,70,0.04460022026952635,0.3090930090268287,0.24657092241839032,10800112
8,71,0.03208831384690034,0.3090930090268287,0.24657092241839032,10800113
8,72,0.03142269068116588,0.3090930090268287,0.24657092241839032,10800114
8,73,0.05867769251280732,0.3090930090268287,0.24657092241839032,10800115
8,74,0.02699630394033286,0.3090930090268287,0.24657092241839032,10800116
8,75,0.04294683354916454,0.3090930090268287,0.24657092241839032,10800117
8,76,0.04276282212097433,0.3090930090268287,0.24657092241839032,10800118
8,77,0.032796717785666646,0.3090930090268287,0.24657092241839032,10800119
8,78,0.05967741689490024,0.3090930090268287,0.24657092241839032,10800120
8,79,0.05414032488075124,0.3090930090268287,0.24657092241839032,10800121
8,80,0.03687034207183371,0.3090930090268287,0.24657092241839032,10800122
8,81,0.052217042279380295,0.3090930090268287,0.24657092241839032,10800123
8,82,0.07289160589194024,0.3090930090268287,0.24657092241839032,10800124
8,83,0.04846147137985716,0.3090930090268287,0.24657092241839032,10800125
8,84,0.04532455458034486,0.3090930090268287,0.24657092241839032,10800126
8,85,0.04660340405198251,0.3090930090268287,0.24657092241839032,10800127
8,86,0.04214583815666099,0.3090930090268287,0.24657092241839032,10800128
8,87,0.037219549967273495,0.3090930090268287,0.24657092241839032,10800129
8,88,0.04671809851857986,0.3090930090268287,0.24657092241839032,10800130
8,89,0.06037431389589504,0.3090930090268287,0.24657092241839032,10800131
8,90,0.0374209472404133,0.3090930090268287,0.24657092241839032,10800132
8,91,0.03572356697662118,0.3090930090268287,0.24657092241839032,10800133
8,92,0.05018982058133482,0.3090930090268287,0.24657092241839032,10800134
8,93,0.049774732670411534,0.3090930090268287,0.24657092241839032,10800135
8,94,0.028620178923156082,0.3090930090268287,0.24657092241839032,10800136
8,95,0.03105358692915328,0.3090930090268287,0.24657092241839032,10800137
8,96,0.05440318322873826,0.3090930090268287,0.24657092241839032,10800138
8,97,0.03599444747736039,0.3090930090268287,0.24657092241839032,10800139
8,98,0.08889361316219652,0.3090930090268287,0.24657092241839032,10800140
8,99,0.056191962760636545,0.3090930090268287,0.24657092241839032,10800141
8,100,0.06493041743689006,0.3090930090268287,0.24657092241839032,10800142
8,101,0.03837217462179828,0.3090930090268287,0.24657092241839032,10800143
8,102,0.03392735566210126,0.3090930090268287,0.24657092241839032,10800144
8,103,0.03296264691463849,0.3090930090268287,0.24657092241839032,10800145
8,104,0.030753360762491296,0.3090930090268287,0.24657092241839032,10800146
8,105,0.03942832312128078,0.3090930090268287,0.24657092241839032,10800147
8,106,0.04947519849844218,0.3090930090268287,0.24657092241839032,10800148
8,107,0.03547224978739672,0.3090930090268287,0.24657092241839032,10800149
8,108,0.05215569046050077,0.3090930090268287,0.24657092241839032,10800150
8,109,0.04136006837070309,0.3090930090268287,0.24657092241839032,10800151
8,110,0.04476543012293,0.3090930090268287,0.24657092241839032,10800152
8,111,0.04951652165840911,0.3090930090268287,0.24657092241839032,10800153
8,112,0.026963826518679016,0.3090930090268287,0.24657092241839032,10800154
8,113,0.034163924721515235,0.3090930090268287,0.24657092241839032,10800155
8,114,0.046351881035693925,0.3090930090268287,0.24657092241839032,10800156
8,115,0.06457436451106073,0.3090930090268287,0.24657092241839032,10800157
8,116,0.04154649581838765,0.3090930090268287,0.24657092241839032,10800158
8,117,0.04760935038470824,0.3090930090268287,0.24657092241839032,10800159
8,118,0.04111368200359099,0.3090930090268287,0.24657092241839032,10800160
8,119,0.057293275677796913,0.3090930090268287,0.24657092241839032,10800161
8,120,0.04216289021340346,0.3090930090268287,0.24657092241839032,10800162
8,121,0.04174887448428468,0.3090930090268287,0.24657092241839032,10800163
8,122,0.05783260698956307,0.3090930090268287,0.24657092241839032,10800164
8,123,0.03686235294201224,0.3090930090268287,0.24657092241839032,10800165
8,124,0.04036603967635459,0.3090930090268287,0.24657092241839032,10800166
8,125,0.058237584824534686,0.3090930090268287,0.24657092241839032,10800167
8,126,0.03620656973429415,0.3090930090268287,0.24657092241839032,10800168
8,127,0.06927799199498857,0.3090930090268287,0.24657092241839032,10800169
8,128,0.03214410461123975,0.3090930090268287,0.24657092241839032,10800170
8,129,0.03268578181784441,0.3090930090268287,0.24657092241839032,10800171
8,130,0.04882465807318248,0.3090930090268287,0.24657092241839032,10800172
8,131,0.052323066302871896,0.3090930090268287,0.24657092241839032,10800173
8,132,0.052610371279275654,0.3090930090268287,0.24657092241839032,10800174
8,133,0.07444509656024767,0.3090930090268287,0.24657092241839032,10800175
8,134,0.03786824294460562,0.3090930090268287,0.24657092241839032,10800176
8,135,0.051830327879074795,0.3090930090268287,0.24657092241839032,10800177
8,136,0.04020117054072446,0.3090930090268287,0.24657092241839032,10800178
8,137,0.06279985445391326,0.3090930090268287,0.24657092241839032,10800179
8,138,0.030932726754896608,0.3090930090268287,0.24657092241839032,10800180
8,139,0.0683811996162988,0.3090930090268287,0.24657092241839032,10800181
8,140,0.03438913173054951,0.3090930090268287,0.24657092241839032,10800182
8,141,0.03208718492450199,0.3090930090268287,0.24657092241839032,10800183
8,142,0.043015818728924154,0.3090930090268287,0.24657092241839032,10800184
8,143,0.05000087115373167,0.3090930090268287,0.24657092241839032,10800185
8,144,0.032322122835080444,0.3090930090268287,0.24657092241839032,10800186
8,145,0.058410961621101924,0.3090930090268287,0.24657092241839032,10800187
8,146,0.037185503503584086,0.3090930090268287,0.24657092241839032,10800188
8,147,0.042931453564406676,0.3090930090268287,0.24657092241839032,10800189
8,148,0.029882072498844843,0.3090930090268287,0.24657092241839032,10800190
8,149,0.03551346730439772,0.3090930090268287,0.24657092241839032,10800191
8,150,0.05959664886010656,0.3090930090268287,0.24657092241839032,10800192
8,151,0.0442973489197419,0.3090930090268287,0.24657092241839032,10800193
8,152,0.05103439663215191,0.3090930090268287,0.24657092241839032,10800194
8,153,0.028441386337148905,0.3090930090268287,0.24657092241839032,10800195
8,154,0.036685001693053436,0.3090930090268287,0.24657092241839032,10800196
8,155,0.04851206335115106,0.3090930090268287,0.24657092241839032,10800197
8,156,0.06891491417595084,0.3090930090268287,0.24657092241839032,10800198
8,157,0.03628500390374835,0.3090930090268287,0.24657092241839032,10800199
8,158,0.039426482796550935,0.3090930090268287,0.24657092241839032,10800200
8,159,0.03229879269237933,0.3090930090268287,0.24657092241839032,10800201
8,160,0.026368014983982422,0.3090930090268287,0.24657092241839032,10800202
8,161,0.04266479673505685,0.3090930090268287,0.24657092241839032,10800203
8,162,0.06370900590796331,0.3090930090268287,0.24657092241839032,10800204
8,163,0.0370578157037227,0.3090930090268287,0.24657092241839032,10800205
8,164,0.05631495097718988,0.3090930090268287,0.24657092241839032,10800206
8,165,0.04996416611871954,0.3090930090268287,0.24657092241839032,10800207
8,166,0.05280590437700897,0.3090930090268287,0.24657092241839032,10800208
8,167,0.061103815709003854,0.3090930090268287,0.24657092241839032,10800209
8,168,0.1173870309560024,0.3090930090268287,0.24657092241839032,10800210
8,169,0.03507869923132313,0.3090930090268287,0.24657092241839032,10800211
8,170,0.04466834608388971,0.3090930090268287,0.24657092241839032,10800212
8,171,0.05878922419021024,0.3090930090268287,0.24657092241839032,10800213
8,172,0.049266523663117484,0.3090930090268287,0.24657092241839032,10800214
8,173,0.04150064054810736,0.3090930090268287,0.24657092241839032,10800215
8,174,0.053706924979041885,0.3090930090268287,0.24657092241839032,10800216
8,175,0.05730649971396141,0.3090930090268287,0.24657092241839032,10800217
8,176,0.02768489240431749,0.3090930090268287,0.24657092241839032,10800218
8,177,0.035765513984202954,0.3090930090268287,0.24657092241839032,10800219
8,178,0.034053997831302196,0.3090930090268287,0.24657092241839032,10800220
8,179,0.039620648827703685,0.3090930090268287,0.24657092241839032,10800221
8,180,0.04828563686187393,0.3090930090268287,0.24657092241839032,10800222
8,181,0.03926611535296489,0.3090930090268287,0.24657092241839032,10800223
8,182,0.06599628117032563,0.3090930090268287,0.24657092241839032,10800224
8,183,0.03729114795317932,0.3090930090268287,0.24657092241839032,10800225
8,184,0.049553216142994204,0.3090930090268287,0.24657092241839032,10800226
8,185,0.05906625395952753,0.3090930090268287,0.24657092241839032,10800227
8,186,0.04253281746311354,0.3090930090268287,0.24657092241839032,10800228
8,187,0.03916021828185095,0.3090930090268287,0.24657092241839032,10800229
8,188,0.05078553729526968,0.3090930090268287,0.24657092241839032,10800230
8,189,0.03526819772596083,0.3090930090268287,0.24657092241839032,10800231
8,190,0.04942794135015783,0.3090930090268287,0.24657092241839032,10800232
8,191,0.029892804150790233,0.3090930090268287,0.24657092241839032,10800233
8,192,0.05357212810171192,0.3090930090268287,0.24657092241839032,10800234
8,193,0.03809739574347226,0.3090930090268287,0.24657092241839032,10800235
8,194,0.04356484803433936,0.3090930090268287,0.24657092241839032,10800236
8,195,0.0322669887077587,0.3090930090268287,0.24657092241839032,10800237
8,196,0.03705375558666604,0.3090930090268287,0.24657092241839032,10800238
8,197,0.06795494248542615,0.3090930090268287,0.24657092241839032,10800239
8,198,0.04341748595951211,0.3090930090268287,0.24657092241839032,10800240
8,199,0.03182673406722873,0.3090930090268287,0.24657092241839032,10800241
10,0,0.015147143936125946,0.29634136793931987,0.24657092241839032,11000042
10,1,0.019201457306289128,0.29634136793931987,0.24657092241839032,11000043
10,2,0.019193550136609717,0.29634136793931987,0.24657092241839032,11000044
10,3,0.019158939906444107,0.29634136793931987,0.24657092241839032,11000045
10,4,0.023808639410293198,0.29634136793931987,0.24657092241839032,11000046
10,5,0.0169049483910131,0.29634136793931987,0.24657092241839032,11000047
10,6,0.025009554303571685,0.29634136793931987,0.24657092241839032,11000048
10,7,0.021084426346613016,0.29634136793931987,0.24657092241839032,11000049
10,8,0.02000841887978358,0.29634136793931987,0.24657092241839032,11000050
10,9,0.01492043338968288,0.29634136793931987,0.24657092241839032,11000051
10,10,0.024349964787961725,0.29634136793931987,0.24657092241839032,11000052
10,11,0.02362809186349415,0.29634136793931987,0.24657092241839032,11000053
10,12,0.020290289328951668,0.29634136793931987,0.24657092241839032,11000054
10,13,0.01557267650135703,0.29634136793931987,0.24657092241839032,11000055
10,14,0.01157398502813215,0.29634136793931987,0.24657092241839032,11000056
10,15,0.02532784257044349,0.29634136793931987,0.24657092241839032,11000057
10,16,0.03396583627278537,0.29634136793931987,0.24657092241839032,11000058
10,17,0.0230648918143055,0.29634136793931987,0.24657092241839032,11000059
10,18,0.012777442439489653,0.29634136793931987,0.24657092241839032,11000060
10,19,0.028679109686256744,0.29634136793931987,0.24657092241839032,11000061
10,20,0.019151737105254592,0.29634136793931987,0.24657092241839032,11000062
10,21,0.023411757139515675,0.29634136793931987,0.24657092241839032,11000063
10,22,0.022219474198721553,0.29634136793931987,0.24657092241839032,11000064
10,23,0.012184541480221087,0.29634136793931987,0.24657092241839032,11000065
10,24,0.03142401923271711,0.29634136793931987,0.24657092241839032,11000066
10,25,0.03332050591110262,0.29634136793931987,0.24657092241839032,11000067
10,26,0.013070420057575641,0.29634136793931987,0.24657092241839032,11000068
10,27,0.019308187411228497,0.29634136793931987,0.24657092241839032,11000069
10,28,0.01644507773126727,0.29634136793931987,0.24657092241839032,11000070
10,29,0.020176502368679596,0.29634136793931987,0.24657092241839032,11000071
10,30,0.01117952070128578,0.29634136793931987,0.24657092241839032,11000072
10,31,0.017632066257659857,0.29634136793931987,0.24657092241839032,11000073
10,32,0.015524101042599062,0.29634136793931987,0.24657092241839032,11000074
10,33,0.015756726287393594,0.29634136793931987,0.24657092241839032,11000075
10,34,0.020186745299567297,0.29634136793931987,0.24657092241839032,11000076
10,35,0.01691018709919958,0.29634136793931987,0.24657092241839032,11000077
10,36,0.02179613064322838,0.29634136793931987,0.24657092241839032,11000078
10,37,0.015085787079752269,0.29634136793931987,0.24657092241839032,11000079
10,38,0.016983481628437103,0.29634136793931987,0.24657092241839032,11000080
10,39,0.022047197524501332,0.29634136793931987,0.24657092241839032,11000081
10,40,0.01778493178582299,0.29634136793931987,0.24657092241839032,11000082
10,41,0.012425439296675304,0.29634136793931987,0.24657092241839032,11000083
10,42,0.01447397587439707,0.29634136793931987,0.24657092241839032,11000084
10,43,0.026806291020137343,0.29634136793931987,0.24657092241839032,11000085
10,44,0.01418751179331916,0.29634136793931987,0.24657092241839032,11000086
10,45,0.015663536810070888,0.29634136793931987,0.24657092241839032,11000087
10,46,0.014766327068760254,0.29634136793931987,0.24657092241839032,11000088
10,47,0.019177479881491957,0.29634136793931987,0.24657092241839032,11000089
10,48,0.014416448684570633,0.29634136793931987,0.24657092241839032,11000090
10,49,0.016862980529018808,0.29634136793931987,0.24657092241839032,11000091
10,50,0.022433182001371323,0.29634136793931987,0.24657092241839032,11000092
10,51,0.03872616659151492,0.29634136793931987,0.24657092241839032,11000093
10,52,0.0253146463236806,0.29634136793931987,0.24657092241839032,11000094
10,53,0.015995510657098703,0.29634136793931987,0.24657092241839032,11000095
10,54,0.016901720853109665,0.29634136793931987,0.24657092241839032,11000096
10,55,0.01846013811569884,0.29634136793931987,0.24657092241839032,11000097
10,56,0.026498860309008315,0.29634136793931987,0.24657092241839032,11000098
10,57,0.01991392178650181,0.29634136793931987,0.24657092241839032,11000099
10,58,0.014667168540121771,0.29634136793931987,0.24657092241839032,11000100
10,59,0.025168524586471723,0.29634136793931987,0.24657092241839032,11000101
10,60,0.02440245195918478,0.29634136793931987,0.24657092241839032,11000102
10,61,0.022074895025460648,0.29634136793931987,0.24657092241839032,11000103
10,62,0.018646186763381273,0.29634136793931987,0.24657092241839032,11000104
10,63,0.0312879328861625,0.29634136793931987,0.24657092241839032,11000105
10,64,0.025177933268970925,0.29634136793931987,0.24657092241839032,11000106
10,65,0.027742072933856533,0.29634136793931987,0.24657092241839032,11000107
10,66,0.02031988141685421,0.29634136793931987,0.24657092241839032,11000108
10,67,0.020159509044146203,0.29634136793931987,0.24657092241839032,11000109
10,68,0.016879788654570786,0.29634136793931987,0.24657092241839032,11000110
10,69,0.01705516585958444,0.29634136793931987,0.24657092241839032,11000111
10,70,0.020048028012205715,0.29634136793931987,0.24657092241839032,11000112
10,71,0.013945079921819871,0.29634136793931987,0.24657092241839032,11000113
10,72,0.022789697441531826,0.29634136793931987,0.24657092241839032,11000114
10,73,0.031462149332574324,0.29634136793931987,0.24657092241839032,11000115
10,74,0.02096468655605221,0.29634136793931987,0.24657092241839032,11000116
10,75,0.029049667597910934,0.29634136793931987,0.24657092241839032,11000117
10,76,0.02946093970275894,0.29634136793931987,0.24657092241839032,11000118
10,77,0.026578955512598253,0.29634136793931987,0.24657092241839032,11000119
10,78,0.018663732509017292,0.29634136793931987,0.24657092241839032,11000120
10,79,0.0237376755084551,0.29634136793931987,0.24657092241839032,11000121
10,80,0.021760540776742016,0.29634136793931987,0.24657092241839032,11000122
10,81,0.019644158790503033,0.29634136793931987,0.24657092241839032,11000123
10,82,0.03492485225331141,0.29634136793931987,0.24657092241839032,11000124
10,83,0.013560222817335044,0.29634136793931987,0.24657092241839032,11000125
10,84,0.023879382694688818,0.29634136793931987,0.24657092241839032,11000126
10,85,0.017504205642970404,0.29634136793931987,0.24657092241839032,11000127
10,86,0.03292692381566564,0.29634136793931987,0.24657092241839032,11000128
10,87,0.015338888734547872,0.29634136793931987,0.24657092241839032,11000129
10,88,0.01949724201731886,0.29634136793931987,0.24657092241839032,11000130
10,89,0.021904323093909224,0.29634136793931987,0.24657092241839032,11000131
10,90,0.013004810205729503,0.29634136793931987,0.24657092241839032,11000132
10,91,0.01903245546495017,0.29634136793931987,0.24657092241839032,11000133
10,92,0.02528557145150323,0.29634136793931987,0.24657092241839032,11000134
10,93,0.01637070834872759,0.29634136793931987,0.24657092241839032,11000135
10,94,0.03537516630136059,0.29634136793931987,0.24657092241839032,11000136
10,95,0.018375436633943656,0.29634136793931987,0.24657092241839032,11000137
10,96,0.017144188477577635,0.29634136793931987,0.24657092241839032,11000138
10,97,0.02363333592394444,0.29634136793931987,0.24657092241839032,11000139
10,98,0.016247837704064006,0.29634136793931987,0.24657092241839032,11000140
10,99,0.017099011043338587,0.29634136793931987,0.24657092241839032,11000141
10,100,0.028322042637562425,0.29634136793931987,0.24657092241839032,11000142
10,101,0.019538807078319103,0.29634136793931987,0.24657092241839032,11000143
10,102,0.019219354443740552,0.29634136793931987,0.24657092241839032,11000144
10,103,0.018994026960369906,0.29634136793931987,0.24657092241839032,11000145
10,104,0.016324074188302395,0.29634136793931987,0.24657092241839032,11000146
10,105,0.01551712352832156,0.29634136793931987,0.24657092241839032,11000147
10,106,0.021028600298986604,0.29634136793931987,0.24657092241839032,11000148
10,107,0.02374017207517004,0.29634136793931987,0.24657092241839032,11000149
10,108,0.02218804889701296,0.29634136793931987,0.24657092241839032,11000150
10,109,0.024338226343563172,0.29634136793931987,0.24657092241839032,11000151
10,110,0.03551984534942412,0.29634136793931987,0.24657092241839032,11000152
10,111,0.031855814522393666,0.29634136793931987,0.24657092241839032,11000153
10,112,0.019593291984934192,0.29634136793931987,0.24657092241839032,11000154
10,113,0.02588577980096573,0.29634136793931987,0.24657092241839032,11000155
10,114,0.02165925278384908,0.29634136793931987,0.24657092241839032,11000156
10,115,0.04033576037864288,0.29634136793931987,0.24657092241839032,11000157
10,116,0.026232526129468768,0.29634136793931987,0.24657092241839032,11000158
10,117,0.024201827227604136,0.29634136793931987,0.24657092241839032,11000159
10,118,0.017097083108915515,0.29634136793931987,0.24657092241839032,11000160
10,119,0.01880851686298368,0.29634136793931987,0.24657092241839032,11000161
10,120,0.0143056957922126,0.29634136793931987,0.24657092241839032,11000162
10,121,0.01966752181601442,0.29634136793931987,0.24657092241839032,11000163
10,122,0.01507874444437715,0.29634136793931987,0.24657092241839032,11000164
10,123,0.01523851142370867,0.29634136793931987,0.24657092241839032,11000165
10,124,0.032079959476924,0.29634136793931987,0.24657092241839032,11000166
10,125,0.0181143555665243,0.29634136793931987,0.24657092241839032,11000167
10,126,0.02618068139239631,0.29634136793931987,0.24657092241839032,11000168
10,127,0.019091094256665306,0.29634136793931987,0.24657092241839032,11000169
10,128,0.022269094376106503,0.29634136793931987,0.24657092241839032,11000170
10,129,0.024079351100357416,0.29634136793931987,0.24657092241839032,11000171
10,130,0.02454814129430347,0.29634136793931987,0.24657092241839032,11000172
10,131,0.014307358374775689,0.29634136793931987,0.24657092241839032,11000173
10,132,0.021889098016950742,0.29634136793931987,0.24657092241839032,11000174
10,133,0.020071887511265638,0.29634136793931987,0.24657092241839032,11000175
10,134,0.023917371382343768,0.29634136793931987,0.24657092241839032,11000176
10,135,0.018085313497321478,0.29634136793931987,0.24657092241839032,11000177
10,136,0.014719314363789556,0.29634136793931987,0.24657092241839032,11000178
10,137,0.016435454045027744,0.29634136793931987,0.24657092241839032,11000179
10,138,0.02024132754051195,0.29634136793931987,0.24657092241839032,11000180
10,139,0.016312682837894547,0.29634136793931987,0.24657092241839032,11000181
10,140,0.01617187394325973,0.29634136793931987,0.24657092241839032,11000182
10,141,0.01012893572658703,0.29634136793931987,0.24657092241839032,11000183
10,142,0.026102918919475557,0.29634136793931987,0.24657092241839032,11000184
10,143,0.03689288739388593,0.29634136793931987,0.24657092241839032,11000185
10,144,0.023261631011240808,0.29634136793931987,0.24657092241839032,11000186
10,145,0.020197400034815655,0.29634136793931987,0.24657092241839032,11000187
10,146,0.014787060241390752,0.29634136793931987,0.24657092241839032,11000188
10,147,0.0165360396261831,0.29634136793931987,0.24657092241839032,11000189
10,148,0.023802951769189513,0.29634136793931987,0.24657092241839032,11000190
10,149,0.02061230371093731,0.29634136793931987,0.24657092241839032,11000191
10,150,0.017974673984796505,0.29634136793931987,0.24657092241839032,11000192
10,151,0.015688616319033784,0.29634136793931987,0.24657092241839032,11000193
10,152,0.042714686281921176,0.29634136793931987,0.24657092241839032,11000194
10,153,0.032417124252013166,0.29634136793931987,0.24657092241839032,11000195
10,154,0.01567777103221894,0.29634136793931987,0.24657092241839032,11000196
10,155,0.01828647525633889,0.29634136793931987,0.24657092241839032,11000197
10,156,0.013160122017208837,0.29634136793931987,0.24657092241839032,11000198
10,157,0.025495383687575604,0.29634136793931987,0.24657092241839032,11000199
10,158,0.015718642405217895,0.29634136793931987,0.24657092241839032,11000200
10,159,0.01822973840985207,0.29634136793931987,0.24657092241839032,11000201
10,160,0.04751513068826137,0.29634136793931987,0.24657092241839032,11000202
10,161,0.019226421295367807,0.29634136793931987,0.24657092241839032,11000203
10,162,0.01759823188998843,0.29634136793931987,0.24657092241839032,11000204
10,163,0.03449294355112226,0.29634136793931987,0.24657092241839032,11000205
10,164,0.025252589646227477,0.29634136793931987,0.24657092241839032,11000206
10,165,0.024904775107582988,0.29634136793931987,0.24657092241839032,11000207
10,166,0.016987484556881764,0.29634136793931987,0.24657092241839032,11000208
10,167,0.01736879941274334,0.29634136793931987,0.24657092241839032,11000209
10,168,0.014238250900838526,0.29634136793931987,0.24657092241839032,11000210
10,169,0.023621452656932974,0.29634136793931987,0.24657092241839032,11000211
10,170,0.02042307912003716,0.29634136793931987,0.24657092241839032,11000212
10,171,0.02740254533602245,0.29634136793931987,0.24657092241839032,11000213
10,172,0.018913326198404544,0.29634136793931987,0.24657092241839032,11000214
10,173,0.028915963582425288,0.29634136793931987,0.24657092241839032,11000215
10,174,0.029478327640201533,0.29634136793931987,0.24657092241839032,11000216
10,175,0.021233974102056737,0.29634136793931987,0.24657092241839032,11000217
10,176,0.027897027770790176,0.29634136793931987,0.24657092241839032,11000218
10,177,0.01861571179816638,0.29634136793931987,0.24657092241839032,11000219
10,178,0.017880471003886875,0.29634136793931987,0.24657092241839032,11000220
10,179,0.013944115467907359,0.29634136793931987,0.24657092241839032,11000221
10,180,0.031307990463670915,0.29634136793931987,0.24657092241839032,11000222
10,181,0.024802710963714145,0.29634136793931987,0.24657092241839032,11000223
10,182,0.0192963102508923,0.29634136793931987,0.24657092241839032,11000224
10,183,0.015875305586383708,0.29634136793931987,0.24657092241839032,11000225
10,184,0.022257730072115893,0.29634136793931987,0.24657092241839032,11000226
10,185,0.02367076468990886,0.29634136793931987,0.24657092241839032,11000227
10,186,0.027456292677301507,0.29634136793931987,0.24657092241839032,11000228
10,187,0.01707230709231881,0.29634136793931987,0.24657092241839032,11000229
10,188,0.026198768341201762,0.29634136793931987,0.24657092241839032,11000230
10,189,0.020312454546618165,0.29634136793931987,0.24657092241839032,11000231
10,190,0.014438120697807118,0.29634136793931987,0.24657092241839032,11000232
10,191,0.011884298219850924,0.29634136793931987,0.24657092241839032,11000233
10,192,0.019942846570192362,0.29634136793931987,0.24657092241839032,11000234
10,193,0.015712785684295544,0.29634136793931987,0.24657092241839032,11000235
10,194,0.015821951056953682,0.29634136793931987,0.24657092241839032,11000236
10,195,0.040305584344490886,0.29634136793931987,0.24657092241839032,11000237
10,196,0.026590988695071885,0.29634136793931987,0.24657092241839032,11000238
10,197,0.01862375856531608,0.29634136793931987,0.24657092241839032,11000239
10,198,0.017204528461277426,0.29634136793931987,0.24657092241839032,11000240
10,199,0.021170703262954726,0.29634136793931987,0.24657092241839032,11000241
