order,mode_size,nnz,ambient_entries,density,target_rank,oversampling,sketch_rank_s,trial,timing_repeats,runtime_s,output_ranks,tensor_seed
5,16,20000,1048576,0.019073486328125,4,5,9,0,3,0.04355893331618669,"(9, 9, 9, 9)",11050042
5,16,20000,1048576,0.019073486328125,4,5,9,1,3,0.027408599999034777,"(9, 9, 9, 9)",11050043
5,16,20000,1048576,0.019073486328125,4,5,9,2,3,0.019584533331605296,"(9, 9, 9, 9)",11050044
5,16,20000,1048576,0.019073486328125,4,5,9,3,3,0.01859400000345583,"(9, 9, 9, 9)",11050045
5,16,20000,1048576,0.019073486328125,4,5,9,4,3,0.015629066658827167,"(9, 9, 9, 9)",11050046
6,16,20000,16777216,0.0011920928955078125,4,5,9,0,3,0.07525189999917832,"(9, 9, 9, 9, 9)",11060042
6,16,20000,16777216,0.0011920928955078125,4,5,9,1,3,0.06065059999430863,"(9, 9, 9, 9, 9)",11060043
6,16,20000,16777216,0.0011920928955078125,4,5,9,2,3,0.09917573332980585,"(9, 9, 9, 9, 9)",11060044
6,16,20000,16777216,0.0011920928955078125,4,5,9,3,3,0.04280260001542047,"(9, 9, 9, 9, 9)",11060045
6,16,20000,16777216,0.0011920928955078125,4,5,9,4,3,0.0972454000050978,"(9, 9, 9, 9, 9)",11060046
8,16,20000,4294967296,4.656612873077393e-06,4,5,9,0,3,0.14622406666361107,"(9, 9, 9, 9, 9, 9, 9)",11080042
8,16,20000,4294967296,4.656612873077393e-06,4,5,9,1,3,0.15040643332758918,"(9, 9, 9, 9, 9, 9, 9)",11080043
8,16,20000,4294967296,4.656612873077393e-06,4,5,9,2,3,0.11952909999915089,"(9, 9, 9, 9, 9, 9, 9)",11080044
8,16,20000,4294967296,4.656612873077393e-06,4,5,9,3,3,0.15014603332383558,"(9, 9, 9, 9, 9, 9, 9)",11080045
8,16,20000,4294967296,4.656612873077393e-06,4,5,9,4,3,0.13000453333370388,"(9, 9, 9, 9, 9, 9, 9)",11080046
10,16,20000,1099511627776,1.8189894035458565e-08,4,5,9,0,3,0.17767460000080368,"(9, 9, 9, 9, 9, 9, 9, 9, 9)",11100042
10,16,20000,1099511627776,1.8189894035458565e-08,4,5,9,1,3,0.1481411333370488,"(9, 9, 9, 9, 9, 9, 9, 9, 9)",11100043
10,16,20000,1099511627776,1.8189894035458565e-08,4,5,9,2,3,0.1740695333282929,"(9, 9, 9, 9, 9, 9, 9, 9, 9)",11100044
10,16,20000,1099511627776,1.8189894035458565e-08,4,5,9,3,3,0.2148715666650484,"(9, 9, 9, 9, 9, 9, 9, 9, 9)",11100045
10,16,20000,1099511627776,1.8189894035458565e-08,4,5,9,4,3,0.2237169666623231,"(9, 9, 9, 9, 9, 9, 9, 9, 9)",11100046
12,16,20000,281474976710656,7.105427357601002e-11,4,5,9,0,3,0.2728467666796253,"(9, 9, 9, 9, 9, 9, 9, 9, 9, 9, 9)",11120042
12,16,20000,281474976710656,7.105427357601002e-11,4,5,9,1,3,0.33481596665418084,"(9, 9, 9, 9, 9, 9, 9, 9, 9, 9, 9)",11120043
12,16,20000,281474976710656,7.105427357601002e-11,4,5,9,2,3,0.2867353666612568,"(9, 9, 9, 9, 9, 9, 9, 9, 9, 9, 9)",11120044
12,16,20000,281474976710656,7.105427357601002e-11,4,5,9,3,3,0.25394080001084757,"(9, 9, 9, 9, 9, 9, 9, 9, 9, 9, 9)",11120045
12,16,20000,281474976710656,7.105427357601002e-11,4,5,9,4,3,0.25372260000828345,"(9, 9, 9, 9, 9, 9, 9, 9, 9, 9, 9)",11120046
14,16,20000,72057594037927936,2.7755575615628914e-13,4,5,9,0,3,0.3493783000061133,"(9, 9, 9, 9, 9, 9, 9, 9, 9, 9, 9, 9, 9)",11140042
14,16,20000,72057594037927936,2.7755575615628914e-13,4,5,9,1,3,0.32201969999005087,"(9, 9, 9, 9, 9, 9, 9, 9, 9, 9, 9, 9, 9)",11140043
14,16,20000,72057594037927936,2.7755575615628914e-13,4,5,9,2,3,0.3526898333414768,"(9, 9, 9, 9, 9, 9, 9, 9, 9, 9, 9, 9, 9)",11140044
14,16,20000,72057594037927936,2.7755575615628914e-13,4,5,9,3,3,0.36550920000687864,"(9, 9, 9, 9, 9, 9, 9, 9, 9, 9, 9, 9, 9)",11140045
14,16,20000,72057594037927936,2.7755575615628914e-13,4,5,9,4,3,0.3227756000026905,"(9, 9, 9, 9, 9, 9, 9, 9, 9, 9, 9, 9, 9)",11140046
