rank,trial,storage_fraction,tt_svd_error,rtt_svd_error,seed
1,0,0.0009765625,0.5488116331735807,0.5488131070599604,9001042
1,1,0.0009765625,0.5488116331735807,0.5488123843672081,9001043
1,2,0.0009765625,0.5488116331735807,0.5488160428446256,9001044
1,3,0.0009765625,0.5488116331735807,0.5488132515875518,9001045
1,4,0.0009765625,0.5488116331735807,0.5488137270244328,9001046
1,5,0.0009765625,0.5488116331735807,0.5488150371097348,9001047
1,6,0.0009765625,0.5488116331735807,0.548813429863188,9001048
1,7,0.0009765625,0.5488116331735807,0.5488116764021614,9001049
2,0,0.0029296875,0.3011942049880284,0.301195690399536,9002042
2,1,0.0029296875,0.3011942049880284,0.3011957531644736,9002043
2,2,0.0029296875,0.3011942049880284,0.3011989319266165,9002044
2,3,0.0029296875,0.3011942049880284,0.3011954330497354,9002045
2,4,0.0029296875,0.3011942049880284,0.3011945447794198,9002046
2,5,0.0029296875,0.3011942049880284,0.30120402369071636,9002047
2,6,0.0029296875,0.3011942049880284,0.3011963944463045,9002048
2,7,0.0029296875,0.3011942049880284,0.30119921828230783,9002049
3,0,0.005859375,0.16529887472529775,0.1653006453960452,9003042
3,1,0.005859375,0.16529887472529775,0.16530054579543263,9003043
3,2,0.005859375,0.16529887472529775,0.16530509114973266,9003044
3,3,0.005859375,0.16529887472529775,0.16529952107682727,9003045
3,4,0.005859375,0.16529887472529775,0.16529954263537155,9003046
3,5,0.005859375,0.16529887472529775,0.16530522323315494,9003047
3,6,0.005859375,0.16529887472529775,0.16529971489934267,9003048
3,7,0.005859375,0.16529887472529775,0.16530694810363966,9003049
4,0,0.009765625,0.0907179282148221,0.0907181824566586,9004042
4,1,0.009765625,0.0907179282148221,0.09073626050994721,9004043
4,2,0.009765625,0.0907179282148221,0.09071877901201335,9004044
4,3,0.009765625,0.0907179282148221,0.09071935603899352,9004045
4,4,0.009765625,0.0907179282148221,0.09071836994672704,9004046
4,5,0.009765625,0.0907179282148221,0.09072205551109437,9004047
4,6,0.009765625,0.0907179282148221,0.0907451834831693,9004048
4,7,0.009765625,0.0907179282148221,0.09071847289635944,9004049
5,0,0.0146484375,0.04978702241402954,0.049787269287415836,9005042
5,1,0.0146484375,0.04978702241402954,0.04978778936263514,9005043
5,2,0.0146484375,0.04978702241402954,0.049787787539801946,9005044
5,3,0.0146484375,0.04978702241402954,0.0497969942473891,9005045
5,4,0.0146484375,0.04978702241402954,0.049787057186947835,9005046
5,5,0.0146484375,0.04978702241402954,0.049787819457748114,9005047
5,6,0.0146484375,0.04978702241402954,0.04979162110679348,9005048
5,7,0.0146484375,0.04978702241402954,0.04978753967005393,9005049
6,0,0.0205078125,0.02732363856845638,0.02732363856845638,9006042
6,1,0.0205078125,0.02732363856845638,0.02732363856845638,9006043
6,2,0.0205078125,0.02732363856845638,0.02732363856845638,9006044
6,3,0.0205078125,0.02732363856845638,0.02732363856845638,9006045
6,4,0.0205078125,0.02732363856845638,0.02732363856845638,9006046
6,5,0.0205078125,0.02732363856845638,0.02732363856845638,9006047
6,6,0.0205078125,0.02732363856845638,0.02732363856845638,9006048
6,7,0.0205078125,0.02732363856845638,0.02732363856845638,9006049
7,0,0.02734375,0.014995423902930785,0.014995423902930785,9007042
7,1,0.02734375,0.014995423902930785,0.014995423902930785,9007043
7,2,0.02734375,0.014995423902930785,0.014995423902930785,9007044
7,3,0.02734375,0.014995423902930785,0.014995423902930785,9007045
7,4,0.02734375,0.014995423902930785,0.014995423902930785,9007046
7,5,0.02734375,0.014995423902930785,0.014995423902930785,9007047
7,6,0.02734375,0.014995423902930785,0.014995423902930785,9007048
7,7,0.02734375,0.014995423902930785,0.014995423902930785,9007049
8,0,0.03515625,0.008229468367991353,0.008229468367991353,9008042
8,1,0.03515625,0.008229468367991353,0.008229468367991353,9008043
8,2,0.03515625,0.008229468367991353,0.008229468367991355,9008044
8,3,0.03515625,0.008229468367991353,0.008229468367991353,9008045
8,4,0.03515625,0.008229468367991353,0.008229468367991353,9008046
8,5,0.03515625,0.008229468367991353,0.008229468367991355,9008047
8,6,0.03515625,0.008229468367991353,0.008229468367991353,9008048
8,7,0.03515625,0.008229468367991353,0.008229468367991353,9008049
9,0,0.0439453125,0.004516073108684191,0.0045160731086841925,9009042
9,1,0.0439453125,0.004516073108684191,0.004516073108684192,9009043
9,2,0.0439453125,0.004516073108684191,0.0045160731086841925,9009044
9,3,0.0439453125,0.004516073108684191,0.004516073108684192,9009045
9,4,0.0439453125,0.004516073108684191,0.004516073108684192,9009046
9,5,0.0439453125,0.004516073108684191,0.00451607310868419,9009047
9,6,0.0439453125,0.004516073108684191,0.004516073108684192,9009048
9,7,0.0439453125,0.004516073108684191,0.004516073108684192,9009049
10,0,0.0537109375,0.0024778267089821137,0.002477826708982114,9010042
10,1,0.0537109375,0.0024778267089821137,0.002477826708982115,9010043
10,2,0.0537109375,0.0024778267089821137,0.0024778267089821146,9010044
10,3,0.0537109375,0.0024778267089821137,0.0024778267089821155,9010045
10,4,0.0537109375,0.0024778267089821137,0.0024778267089821146,9010046
10,5,0.0537109375,0.0024778267089821137,0.002477826708982116,9010047
10,6,0.0537109375,0.0024778267089821137,0.002477826708982114,9010048
10,7,0.0537109375,0.0024778267089821137,0.002477826708982114,9010049
11,0,0.064453125,0.0013586809869514116,0.0013586809869514111,9011042
11,1,0.064453125,0.0013586809869514116,0.0013586809869514111,9011043
11,2,0.064453125,0.0013586809869514116,0.0013586809869514107,9011044
11,3,0.064453125,0.0013586809869514116,0.0013586809869514111,9011045
11,4,0.064453125,0.0013586809869514116,0.0013586809869514111,9011046
11,5,0.064453125,0.0013586809869514116,0.0013586809869514111,9011047
11,6,0.064453125,0.0013586809869514116,0.0013586809869514111,9011048
11,7,0.064453125,0.0013586809869514116,0.0013586809869514116,9011049
12,0,0.076171875,0.0007435073570978438,0.0007435073570978446,9012042
12,1,0.076171875,0.0007435073570978438,0.0007435073570978448,9012043
12,2,0.076171875,0.0007435073570978438,0.0007435073570978444,9012044
12,3,0.076171875,0.0007435073570978438,0.0007435073570978447,9012045
12,4,0.076171875,0.0007435073570978438,0.0007435073570978444,9012046
12,5,0.076171875,0.0007435073570978438,0.0007435073570978445,9012047
12,6,0.076171875,0.0007435073570978438,0.0007435073570978447,9012048
12,7,0.076171875,0.0007435073570978438,0.0007435073570978444,9012049
13,0,0.0888671875,0.00040409846820049317,0.0004040984682004933,9013042
13,1,0.0888671875,0.00040409846820049317,0.00040409846820049235,9013043
13,2,0.0888671875,0.00040409846820049317,0.0004040984682004934,9013044
13,3,0.0888671875,0.00040409846820049317,0.0004040984682004928,9013045
13,4,0.0888671875,0.00040409846820049317,0.00040409846820049403,9013046
13,5,0.0888671875,0.00040409846820049317,0.00040409846820049344,9013047
13,6,0.0888671875,0.00040409846820049317,0.0004040984682004936,9013048
13,7,0.0888671875,0.00040409846820049317,0.000404098468200494,9013049
