trial,p,residual,theoretical_bound
0,4,0.20719191900106435,1.47986788925498
1,4,0.17221480749962545,1.47986788925498
2,4,0.1616654218866788,1.47986788925498
3,4,0.155550310530827,1.47986788925498
4,4,0.10646413433608892,1.47986788925498
5,4,0.20487433568532917,1.47986788925498
6,4,0.12018351010936985,1.47986788925498
7,4,0.14502595344209968,1.47986788925498
8,4,0.15291074842899602,1.47986788925498
9,4,0.13323312216527958,1.47986788925498
10,4,0.1920476305278195,1.47986788925498
11,4,0.11572253375120636,1.47986788925498
12,4,0.143849258599367,1.47986788925498
13,4,0.16659297021379307,1.47986788925498
14,4,0.13152766151016188,1.47986788925498
15,4,0.14638883452392143,1.47986788925498
16,4,0.1328073164199433,1.47986788925498
17,4,0.1229763307363284,1.47986788925498
18,4,0.1816345880657215,1.47986788925498
19,4,0.14810992498851508,1.47986788925498
20,4,0.23673411801546196,1.47986788925498
21,4,0.1722174776020912,1.47986788925498
22,4,0.19669049962196586,1.47986788925498
23,4,0.13499289302815687,1.47986788925498
24,4,0.19041105043387072,1.47986788925498
25,4,0.18524824833723127,1.47986788925498
26,4,0.17711199060777247,1.47986788925498
27,4,0.16961140610249978,1.47986788925498
28,4,0.11307887313564931,1.47986788925498
29,4,0.13650131834403104,1.47986788925498
30,4,0.1638086225824554,1.47986788925498
31,4,0.12158950389360233,1.47986788925498
32,4,0.140563178880851,1.47986788925498
33,4,0.1555125236002537,1.47986788925498
34,4,0.1240812401396631,1.47986788925498
35,4,0.13470753471176639,1.47986788925498
36,4,0.19031199378578406,1.47986788925498
37,4,0.17562803609475822,1.47986788925498
38,4,0.17925918323864778,1.47986788925498
39,4,0.16841469530330913,1.47986788925498
40,4,0.16844532301835194,1.47986788925498
41,4,0.11870481202987533,1.47986788925498
42,4,0.13649798661719462,1.47986788925498
43,4,0.11843683799482999,1.47986788925498
44,4,0.14182870935421354,1.47986788925498
45,4,0.25545488013639506,1.47986788925498
46,4,0.1869350975917086,1.47986788925498
47,4,0.16236075049589407,1.47986788925498
48,4,0.1472801333314733,1.47986788925498
49,4,0.15543730293602198,1.47986788925498
50,4,0.23118920536601434,1.47986788925498
51,4,0.21461580030473898,1.47986788925498
52,4,0.19083361296952345,1.47986788925498
53,4,0.13937495333598604,1.47986788925498
54,4,0.129323184756656,1.47986788925498
55,4,0.12329833793330094,1.47986788925498
56,4,0.2001610012219268,1.47986788925498
57,4,0.13226468524325707,1.47986788925498
58,4,0.10455303084062298,1.47986788925498
59,4,0.12176360729507409,1.47986788925498
60,4,0.13275176243920514,1.47986788925498
61,4,0.11878432061945168,1.47986788925498
62,4,0.15209755762550606,1.47986788925498
63,4,0.15906148037284326,1.47986788925498
64,4,0.12558660246586606,1.47986788925498
65,4,0.11818924980630392,1.47986788925498
66,4,0.10089481807271619,1.47986788925498
67,4,0.15751803108023538,1.47986788925498
68,4,0.19408307172113362,1.47986788925498
69,4,0.13850831093912114,1.47986788925498
70,4,0.19296709554260993,1.47986788925498
71,4,0.19097668500444018,1.47986788925498
72,4,0.15623974829147708,1.47986788925498
73,4,0.23173838997275947,1.47986788925498
74,4,0.15090757050633344,1.47986788925498
75,4,0.11936797471049665,1.47986788925498
76,4,0.1334655920914737,1.47986788925498
77,4,0.1667374360181368,1.47986788925498
78,4,0.1354529513617208,1.47986788925498
79,4,0.13501107440263796,1.47986788925498
80,4,0.1347568417778629,1.47986788925498
81,4,0.16222037507997522,1.47986788925498
82,4,0.2022893940354799,1.47986788925498
83,4,0.10659017458273093,1.47986788925498
84,4,0.18102245282981422,1.47986788925498
85,4,0.12503245049820338,1.47986788925498
86,4,0.13756105147114916,1.47986788925498
87,4,0.17937530334469973,1.47986788925498
88,4,0.2199860046119404,1.47986788925498
89,4,0.1584405747161424,1.47986788925498
90,4,0.18056393037534918,1.47986788925498
91,4,0.17354987721394233,1.47986788925498
92,4,0.19445705282378187,1.47986788925498
93,4,0.11575718872000884,1.47986788925498
94,4,0.11459069756571803,1.47986788925498
95,4,0.10765769797452801,1.47986788925498
96,4,0.150503648243449,1.47986788925498
97,4,0.18040948355673855,1.47986788925498
98,4,0.23779217351630366,1.47986788925498
99,4,0.15146702044509858,1.47986788925498
100,4,0.15238916211040388,1.47986788925498
101,4,0.09741262676477794,1.47986788925498
102,4,0.13922719502384692,1.47986788925498
103,4,0.17979353048880622,1.47986788925498
104,4,0.1932072810974474,1.47986788925498
105,4,0.1296192468881449,1.47986788925498
106,4,0.14734676628170965,1.47986788925498
107,4,0.22650774018399622,1.47986788925498
108,4,0.17534993829897136,1.47986788925498
109,4,0.1309159464465295,1.47986788925498
110,4,0.22244337071876485,1.47986788925498
111,4,0.16828693334387862,1.47986788925498
112,4,0.1343345166546632,1.47986788925498
113,4,0.17112064115124279,1.47986788925498
114,4,0.15713637879420986,1.47986788925498
115,4,0.161305242946964,1.47986788925498
116,4,0.12491354810424729,1.47986788925498
117,4,0.15408561153981254,1.47986788925498
118,4,0.16243822263050012,1.47986788925498
119,4,0.1651459652047574,1.47986788925498
120,4,0.17175517064740603,1.47986788925498
121,4,0.22869621980632512,1.47986788925498
122,4,0.14913966098386255,1.47986788925498
123,4,0.13458048422603655,1.47986788925498
124,4,0.15668514149242196,1.47986788925498
125,4,0.10857916916651314,1.47986788925498
126,4,0.13817180191484424,1.47986788925498
127,4,0.17647095488636685,1.47986788925498
128,4,0.165682067705794,1.47986788925498
129,4,0.1057818861395932,1.47986788925498
130,4,0.1568269315839365,1.47986788925498
131,4,0.11958497991488919,1.47986788925498
132,4,0.12237915144338685,1.47986788925498
133,4,0.12800283689718345,1.47986788925498
134,4,0.2026823718219995,1.47986788925498
135,4,0.13836272827801663,1.47986788925498
136,4,0.15730363586772297,1.47986788925498
137,4,0.16803527052579464,1.47986788925498
138,4,0.1469120118908619,1.47986788925498
139,4,0.16918573500737702,1.47986788925498
140,4,0.10111706543009405,1.47986788925498
141,4,0.1833833784100795,1.47986788925498
142,4,0.18796362868311609,1.47986788925498
143,4,0.14250080483235747,1.47986788925498
144,4,0.16481555627088038,1.47986788925498
145,4,0.15080123265588113,1.47986788925498
146,4,0.19245107736915443,1.47986788925498
147,4,0.11925753366201337,1.47986788925498
148,4,0.12962220593109158,1.47986788925498
149,4,0.09875213043002033,1.47986788925498
150,4,0.1160205405523495,1.47986788925498
151,4,0.16347911386508823,1.47986788925498
152,4,0.11602573112495178,1.47986788925498
153,4,0.14322165903716697,1.47986788925498
154,4,0.15531924942833797,1.47986788925498
155,4,0.15770967256720883,1.47986788925498
156,4,0.14184632234115432,1.47986788925498
157,4,0.12249296887549264,1.47986788925498
158,4,0.12643674518095838,1.47986788925498
159,4,0.18078980760294375,1.47986788925498
160,4,0.1509337246384301,1.47986788925498
161,4,0.28334826608445557,1.47986788925498
162,4,0.17120785657375345,1.47986788925498
163,4,0.11664972040266533,1.47986788925498
164,4,0.12837496123180028,1.47986788925498
165,4,0.2071681122882001,1.47986788925498
166,4,0.15824461543363863,1.47986788925498
167,4,0.11020966955830427,1.47986788925498
168,4,0.18740206819997215,1.47986788925498
169,4,0.1036776888709811,1.47986788925498
170,4,0.11912447301280654,1.47986788925498
171,4,0.15248364263954342,1.47986788925498
172,4,0.18462976974483467,1.47986788925498
173,4,0.17893742997895803,1.47986788925498
174,4,0.15165195671232998,1.47986788925498
175,4,0.21205712629076878,1.47986788925498
176,4,0.18618149882234522,1.47986788925498
177,4,0.1119638892682517,1.47986788925498
178,4,0.24588731561080926,1.47986788925498
179,4,0.17273439451621703,1.47986788925498
180,4,0.11828579036283084,1.47986788925498
181,4,0.19946002980201583,1.47986788925498
182,4,0.12912213668116412,1.47986788925498
183,4,0.14868773174308186,1.47986788925498
184,4,0.16388677560436768,1.47986788925498
185,4,0.09957564486342105,1.47986788925498
186,4,0.13340974332160785,1.47986788925498
187,4,0.20877806535638835,1.47986788925498
188,4,0.19192062799572426,1.47986788925498
189,4,0.23191879639483354,1.47986788925498
190,4,0.11161782062779657,1.47986788925498
191,4,0.11377637451407853,1.47986788925498
192,4,0.1346448141351038,1.47986788925498
193,4,0.1057036920873259,1.47986788925498
194,4,0.16925203935576152,1.47986788925498
195,4,0.22822070927446497,1.47986788925498
196,4,0.10487179089478,1.47986788925498
197,4,0.14151182443164353,1.47986788925498
198,4,0.18838890556991378,1.47986788925498
199,4,0.23154986212108417,1.47986788925498
0,6,0.05565306877296272,1.2467665582459913
1,6,0.060084299805420786,1.2467665582459913
2,6,0.12477997249385168,1.2467665582459913
3,6,0.07250721477231786,1.2467665582459913
4,6,0.10912817244614609,1.2467665582459913
5,6,0.08316710203744561,1.2467665582459913
6,6,0.0584278368460962,1.2467665582459913
7,6,0.0552098116972582,1.2467665582459913
8,6,0.08112562733402644,1.2467665582459913
9,6,0.10866009408851493,1.2467665582459913
10,6,0.0733813468246768,1.2467665582459913
11,6,0.061219150487662355,1.2467665582459913
12,6,0.10444105686966432,1.2467665582459913
13,6,0.11474905068419604,1.2467665582459913
14,6,0.06277355542814597,1.2467665582459913
15,6,0.07812707320768383,1.2467665582459913
16,6,0.06468460123012289,1.2467665582459913
17,6,0.09645481903369738,1.2467665582459913
18,6,0.08562181211745672,1.2467665582459913
19,6,0.06811171832239755,1.2467665582459913
20,6,0.06653534560798643,1.2467665582459913
21,6,0.11288978688162911,1.2467665582459913
22,6,0.08806232390570051,1.2467665582459913
23,6,0.06325208121972203,1.2467665582459913
24,6,0.09630643072950303,1.2467665582459913
25,6,0.0867827686025464,1.2467665582459913
26,6,0.10997354152198574,1.2467665582459913
27,6,0.0783981123829269,1.2467665582459913
28,6,0.07684940669579922,1.2467665582459913
29,6,0.09986640827111398,1.2467665582459913
30,6,0.09017558966858935,1.2467665582459913
31,6,0.07922570810418483,1.2467665582459913
32,6,0.10339579657521689,1.2467665582459913
33,6,0.07842921351490743,1.2467665582459913
34,6,0.05262010386321213,1.2467665582459913
35,6,0.08166535715812696,1.2467665582459913
36,6,0.05596726663724504,1.2467665582459913
37,6,0.07906841741844073,1.2467665582459913
38,6,0.0827693935297919,1.2467665582459913
39,6,0.060519294726878996,1.2467665582459913
40,6,0.12052518499996874,1.2467665582459913
41,6,0.13292252096178958,1.2467665582459913
42,6,0.13719485922625269,1.2467665582459913
43,6,0.0920251663025777,1.2467665582459913
44,6,0.0739654757841881,1.2467665582459913
45,6,0.08399679942942814,1.2467665582459913
46,6,0.050041740872483795,1.2467665582459913
47,6,0.08178414684828204,1.2467665582459913
48,6,0.09116358234976715,1.2467665582459913
49,6,0.07824722380229053,1.2467665582459913
50,6,0.08721760614006613,1.2467665582459913
51,6,0.05679830695670219,1.2467665582459913
52,6,0.06392513811970157,1.2467665582459913
53,6,0.0873862836181842,1.2467665582459913
54,6,0.09903022891447717,1.2467665582459913
55,6,0.0805259926816814,1.2467665582459913
56,6,0.07690927374049936,1.2467665582459913
57,6,0.07980646969092192,1.2467665582459913
58,6,0.07334198416294939,1.2467665582459913
59,6,0.0879084901013657,1.2467665582459913
60,6,0.12687644293550362,1.2467665582459913
61,6,0.06065318714870175,1.2467665582459913
62,6,0.06621425671953766,1.2467665582459913
63,6,0.11468327384456527,1.2467665582459913
64,6,0.10621032885015388,1.2467665582459913
65,6,0.09254200695345235,1.2467665582459913
66,6,0.11750158046934739,1.2467665582459913
67,6,0.07668811880716042,1.2467665582459913
68,6,0.0829253345031031,1.2467665582459913
69,6,0.09413624231271088,1.2467665582459913
70,6,0.0666552285160662,1.2467665582459913
71,6,0.08745542518902354,1.2467665582459913
72,6,0.08433893624365814,1.2467665582459913
73,6,0.07567112076175365,1.2467665582459913
74,6,0.08079343443134165,1.2467665582459913
75,6,0.07386650673775785,1.2467665582459913
76,6,0.0800981353425439,1.2467665582459913
77,6,0.06446984643241285,1.2467665582459913
78,6,0.06826758806328002,1.2467665582459913
79,6,0.08421793672894698,1.2467665582459913
80,6,0.07101715704215816,1.2467665582459913
81,6,0.05804802143083355,1.2467665582459913
82,6,0.08767987136117208,1.2467665582459913
83,6,0.08552106290362153,1.2467665582459913
84,6,0.07748032701063161,1.2467665582459913
85,6,0.07579283569506275,1.2467665582459913
86,6,0.08499748307613016,1.2467665582459913
87,6,0.0750382396111792,1.2467665582459913
88,6,0.11420369381869296,1.2467665582459913
89,6,0.1363702897334803,1.2467665582459913
90,6,0.10074431438396926,1.2467665582459913
91,6,0.05333834552908723,1.2467665582459913
92,6,0.11091162682817818,1.2467665582459913
93,6,0.09533648271460227,1.2467665582459913
94,6,0.08290687213839164,1.2467665582459913
95,6,0.07634944475758373,1.2467665582459913
96,6,0.07026002507066084,1.2467665582459913
97,6,0.058270954850219284,1.2467665582459913
98,6,0.10818000319868507,1.2467665582459913
99,6,0.0892798423706878,1.2467665582459913
100,6,0.08607807334869898,1.2467665582459913
101,6,0.1812663883564041,1.2467665582459913
102,6,0.058747791463461645,1.2467665582459913
103,6,0.11458213701393771,1.2467665582459913
104,6,0.08374532178798583,1.2467665582459913
105,6,0.06380582728254405,1.2467665582459913
106,6,0.055680146878578946,1.2467665582459913
107,6,0.06949299239722677,1.2467665582459913
108,6,0.07951938133651124,1.2467665582459913
109,6,0.08688232673006246,1.2467665582459913
110,6,0.053720740532335255,1.2467665582459913
111,6,0.05720163516203064,1.2467665582459913
112,6,0.0643797696293186,1.2467665582459913
113,6,0.05377422642896953,1.2467665582459913
114,6,0.050637785447315474,1.2467665582459913
115,6,0.10660409299245634,1.2467665582459913
116,6,0.06816372836574562,1.2467665582459913
117,6,0.07272817765062037,1.2467665582459913
118,6,0.08984393493216179,1.2467665582459913
119,6,0.06882760863051884,1.2467665582459913
120,6,0.10273302761925818,1.2467665582459913
121,6,0.15484676699178748,1.2467665582459913
122,6,0.08414313910847375,1.2467665582459913
123,6,0.07095501081968515,1.2467665582459913
124,6,0.05384190196947282,1.2467665582459913
125,6,0.07738531293182249,1.2467665582459913
126,6,0.053434954516039995,1.2467665582459913
127,6,0.06137679938627418,1.2467665582459913
128,6,0.07541010903333682,1.2467665582459913
129,6,0.10257809189615368,1.2467665582459913
130,6,0.09427619296612474,1.2467665582459913
131,6,0.08519594599816978,1.2467665582459913
132,6,0.06167060967605036,1.2467665582459913
133,6,0.08573251430103242,1.2467665582459913
134,6,0.10041454410468141,1.2467665582459913
135,6,0.0822857905709569,1.2467665582459913
136,6,0.09064078550333371,1.2467665582459913
137,6,0.09639936195271956,1.2467665582459913
138,6,0.06433030439298726,1.2467665582459913
139,6,0.09912564540945328,1.2467665582459913
140,6,0.07567111799346113,1.2467665582459913
141,6,0.0968743072997625,1.2467665582459913
142,6,0.07204655363840116,1.2467665582459913
143,6,0.0718487983227217,1.2467665582459913
144,6,0.07427539077308339,1.2467665582459913
145,6,0.0892869675315023,1.2467665582459913
146,6,0.07805198524351832,1.2467665582459913
147,6,0.07920255931760803,1.2467665582459913
148,6,0.11683116254588861,1.2467665582459913
149,6,0.11242084776690196,1.2467665582459913
150,6,0.12050274592720016,1.2467665582459913
151,6,0.07645613926227066,1.2467665582459913
152,6,0.055050766544432375,1.2467665582459913
153,6,0.0840393930706404,1.2467665582459913
154,6,0.12723608585191568,1.2467665582459913
155,6,0.08689858545128773,1.2467665582459913
156,6,0.09134900969374285,1.2467665582459913
157,6,0.10466112217280171,1.2467665582459913
158,6,0.074248984011712,1.2467665582459913
159,6,0.12476826478488733,1.2467665582459913
160,6,0.08811999394888582,1.2467665582459913
161,6,0.05565240357868536,1.2467665582459913
162,6,0.07535522434739494,1.2467665582459913
163,6,0.08473191469683333,1.2467665582459913
164,6,0.10816683528065708,1.2467665582459913
165,6,0.111880269099913,1.2467665582459913
166,6,0.09485836589757674,1.2467665582459913
167,6,0.09147290712218642,1.2467665582459913
168,6,0.09429023347102641,1.2467665582459913
169,6,0.11979992890518999,1.2467665582459913
170,6,0.08285770616807982,1.2467665582459913
171,6,0.05959339618192914,1.2467665582459913
172,6,0.07142312635547741,1.2467665582459913
173,6,0.08740560409317823,1.2467665582459913
174,6,0.0565231619439593,1.2467665582459913
175,6,0.08291938210853896,1.2467665582459913
176,6,0.0598061507416252,1.2467665582459913
177,6,0.07675396679607867,1.2467665582459913
178,6,0.10362416736216319,1.2467665582459913
179,6,0.05875470334402174,1.2467665582459913
180,6,0.11389176405769104,1.2467665582459913
181,6,0.05642386256416353,1.2467665582459913
182,6,0.11320580234023633,1.2467665582459913
183,6,0.0674434613508436,1.2467665582459913
184,6,0.0890698090084178,1.2467665582459913
185,6,0.08757386191673758,1.2467665582459913
186,6,0.1229934554551709,1.2467665582459913
187,6,0.07415161658299038,1.2467665582459913
188,6,0.06756192992482331,1.2467665582459913
189,6,0.08141386841804059,1.2467665582459913
190,6,0.1711708911574125,1.2467665582459913
191,6,0.05592056119746078,1.2467665582459913
192,6,0.06164568847656268,1.2467665582459913
193,6,0.08577876986100952,1.2467665582459913
194,6,0.06505850792676816,1.2467665582459913
195,6,0.10673917114167784,1.2467665582459913
196,6,0.12111629147687832,1.2467665582459913
197,6,0.09033684187979407,1.2467665582459913
198,6,0.07372582356514093,1.2467665582459913
199,6,0.08248874864426003,1.2467665582459913
0,8,0.053482646942499185,1.1085229273747799
1,8,0.04798573615393993,1.1085229273747799
2,8,0.04097124877460491,1.1085229273747799
3,8,0.07143714628821915,1.1085229273747799
4,8,0.059863233424900165,1.1085229273747799
5,8,0.024725198083138288,1.1085229273747799
6,8,0.03982489267141124,1.1085229273747799
7,8,0.03571047333810494,1.1085229273747799
8,8,0.04830874161009928,1.1085229273747799
9,8,0.07024446108764458,1.1085229273747799
10,8,0.041862314492162836,1.1085229273747799
11,8,0.030437144589361195,1.1085229273747799
12,8,0.06781767569434696,1.1085229273747799
13,8,0.06600391110443996,1.1085229273747799
14,8,0.028645186615217668,1.1085229273747799
15,8,0.03600490923149078,1.1085229273747799
16,8,0.05999567326544474,1.1085229273747799
17,8,0.03559332054934042,1.1085229273747799
18,8,0.04962534253659834,1.1085229273747799
19,8,0.027965848461943783,1.1085229273747799
20,8,0.045763232242764997,1.1085229273747799
21,8,0.0649673191123166,1.1085229273747799
22,8,0.04499730530201031,1.1085229273747799
23,8,0.035890870277722774,1.1085229273747799
24,8,0.041350891572404846,1.1085229273747799
25,8,0.05180134801266375,1.1085229273747799
26,8,0.027669158876056813,1.1085229273747799
27,8,0.034448459438852094,1.1085229273747799
28,8,0.03717043101475374,1.1085229273747799
29,8,0.037543745159198776,1.1085229273747799
30,8,0.04468536260272683,1.1085229273747799
31,8,0.03734527901536034,1.1085229273747799
32,8,0.04285995240936094,1.1085229273747799
33,8,0.04342388967810712,1.1085229273747799
34,8,0.052740547011243574,1.1085229273747799
35,8,0.034426154607947894,1.1085229273747799
36,8,0.035377162061632834,1.1085229273747799
37,8,0.037218560314003064,1.1085229273747799
38,8,0.036689627157182804,1.1085229273747799
39,8,0.04851188944823222,1.1085229273747799
40,8,0.033772651102871865,1.1085229273747799
41,8,0.05349811861926195,1.1085229273747799
42,8,0.03489288436087006,1.1085229273747799
43,8,0.05627863134865149,1.1085229273747799
44,8,0.05090717991356373,1.1085229273747799
45,8,0.04160184563535258,1.1085229273747799
46,8,0.04336780926350556,1.1085229273747799
47,8,0.04539495311008076,1.1085229273747799
48,8,0.04501887032743133,1.1085229273747799
49,8,0.0546299875401405,1.1085229273747799
50,8,0.037192514701100764,1.1085229273747799
51,8,0.035321935170241084,1.1085229273747799
52,8,0.051604605413362585,1.1085229273747799
53,8,0.025997962323703556,1.1085229273747799
54,8,0.04790972773488571,1.1085229273747799
55,8,0.06756067345129435,1.1085229273747799
56,8,0.03610834454582997,1.1085229273747799
57,8,0.04060754681523815,1.1085229273747799
58,8,0.04784698175988857,1.1085229273747799
59,8,0.045107837007346184,1.1085229273747799
60,8,0.05300799406499497,1.1085229273747799
61,8,0.034391458525305695,1.1085229273747799
62,8,0.03619426924254668,1.1085229273747799
63,8,0.0342274032523041,1.1085229273747799
64,8,0.04488604691365801,1.1085229273747799
65,8,0.04212142734794806,1.1085229273747799
66,8,0.03703831579500989,1.1085229273747799
67,8,0.0324154544137337,1.1085229273747799
68,8,0.04956287615598969,1.1085229273747799
69,8,0.03966629449269417,1.1085229273747799
70,8,0.04268581354862688,1.1085229273747799
71,8,0.03608705759222346,1.1085229273747799
72,8,0.028406024286773197,1.1085229273747799
73,8,0.033966298485935395,1.1085229273747799
74,8,0.061712960711653844,1.1085229273747799
75,8,0.03723843192413997,1.1085229273747799
76,8,0.05130316538492862,1.1085229273747799
77,8,0.04046334185932955,1.1085229273747799
78,8,0.08132464985943927,1.1085229273747799
79,8,0.057916629867557676,1.1085229273747799
80,8,0.03560817024508528,1.1085229273747799
81,8,0.03926131787720117,1.1085229273747799
82,8,0.04590122287584466,1.1085229273747799
83,8,0.05532853686540908,1.1085229273747799
84,8,0.04498420081227748,1.1085229273747799
85,8,0.03049989299305496,1.1085229273747799
86,8,0.048202309733270506,1.1085229273747799
87,8,0.04837615605800866,1.1085229273747799
88,8,0.04922793244784646,1.1085229273747799
89,8,0.03284472754090439,1.1085229273747799
90,8,0.048400054257374384,1.1085229273747799
91,8,0.04775108175273735,1.1085229273747799
92,8,0.067903778175117,1.1085229273747799
93,8,0.045315398371513695,1.1085229273747799
94,8,0.03572539918471719,1.1085229273747799
95,8,0.04364067168132248,1.1085229273747799
96,8,0.03194543203343044,1.1085229273747799
97,8,0.05665209158716455,1.1085229273747799
98,8,0.033009182217498205,1.1085229273747799
99,8,0.06861198607704172,1.1085229273747799
100,8,0.053846865462750484,1.1085229273747799
101,8,0.07902817657215931,1.1085229273747799
102,8,0.04407094907085908,1.1085229273747799
103,8,0.05796327245856745,1.1085229273747799
104,8,0.03753065989762048,1.1085229273747799
105,8,0.042898746023007084,1.1085229273747799
106,8,0.04544078963466846,1.1085229273747799
107,8,0.06295621615902922,1.1085229273747799
108,8,0.04034942947895422,1.1085229273747799
109,8,0.03840354038142875,1.1085229273747799
110,8,0.026120859630830728,1.1085229273747799
111,8,0.0498043378015875,1.1085229273747799
112,8,0.039757466093364356,1.1085229273747799
113,8,0.03787170342702848,1.1085229273747799
114,8,0.0314016193208253,1.1085229273747799
115,8,0.05822442979722878,1.1085229273747799
116,8,0.05165924355142836,1.1085229273747799
117,8,0.047537932249108246,1.1085229273747799
118,8,0.03945575201396977,1.1085229273747799
119,8,0.03767648770725392,1.1085229273747799
120,8,0.0437199011631868,1.1085229273747799
121,8,0.033757172981350066,1.1085229273747799
122,8,0.03257992999156521,1.1085229273747799
123,8,0.05627099308811767,1.1085229273747799
124,8,0.04816695916858936,1.1085229273747799
125,8,0.03710180484090339,1.1085229273747799
126,8,0.030808732886466694,1.1085229273747799
127,8,0.042581118665370565,1.1085229273747799
128,8,0.06106283059342481,1.1085229273747799
129,8,0.036047464718062236,1.1085229273747799
130,8,0.03092726525687399,1.1085229273747799
131,8,0.0342026627698346,1.1085229273747799
132,8,0.04671421858449269,1.1085229273747799
133,8,0.039557681549573565,1.1085229273747799
134,8,0.03202062071701071,1.1085229273747799
135,8,0.0511492401465079,1.1085229273747799
136,8,0.053582416328878925,1.1085229273747799
137,8,0.06884588147401291,1.1085229273747799
138,8,0.03719358589926355,1.1085229273747799
139,8,0.049310218536163034,1.1085229273747799
140,8,0.037909128677645156,1.1085229273747799
141,8,0.03239682774410854,1.1085229273747799
142,8,0.05192683719564787,1.1085229273747799
143,8,0.031689718097566814,1.1085229273747799
144,8,0.035717736080601394,1.1085229273747799
145,8,0.057079325300796235,1.1085229273747799
146,8,0.04893468790837171,1.1085229273747799
147,8,0.03093606641586211,1.1085229273747799
148,8,0.044233451887633786,1.1085229273747799
149,8,0.05171877446332541,1.1085229273747799
150,8,0.06112703512815621,1.1085229273747799
151,8,0.033744654498379816,1.1085229273747799
152,8,0.04167021078551208,1.1085229273747799
153,8,0.03261102313120832,1.1085229273747799
154,8,0.05960575726844045,1.1085229273747799
155,8,0.05708394218318013,1.1085229273747799
156,8,0.03684907944378647,1.1085229273747799
157,8,0.050634027533752145,1.1085229273747799
158,8,0.0405937379973601,1.1085229273747799
159,8,0.07060168975951657,1.1085229273747799
160,8,0.046897077334181095,1.1085229273747799
161,8,0.04860961893441988,1.1085229273747799
162,8,0.03055345340117781,1.1085229273747799
163,8,0.04794790667312203,1.1085229273747799
164,8,0.052877574881229225,1.1085229273747799
165,8,0.04819864571845134,1.1085229273747799
166,8,0.0427575492385127,1.1085229273747799
167,8,0.036937125136561215,1.1085229273747799
168,8,0.04998317966327096,1.1085229273747799
169,8,0.05458136517869916,1.1085229273747799
170,8,0.04256474877694836,1.1085229273747799
171,8,0.054689725996030815,1.1085229273747799
172,8,0.03926807857933075,1.1085229273747799
173,8,0.08467368093763196,1.1085229273747799
174,8,0.0489017846649227,1.1085229273747799
175,8,0.05221390531438414,1.1085229273747799
176,8,0.04383958661420668,1.1085229273747799
177,8,0.04352503790082375,1.1085229273747799
178,8,0.030779394040117595,1.1085229273747799
179,8,0.028942080186339043,1.1085229273747799
180,8,0.05400746247290128,1.1085229273747799
181,8,0.044605417817868795,1.1085229273747799
182,8,0.0399068587764723,1.1085229273747799
183,8,0.07606400910241545,1.1085229273747799
184,8,0.05713258532135384,1.1085229273747799
185,8,0.031820174023848485,1.1085229273747799
186,8,0.033379671339546134,1.1085229273747799
187,8,0.04326859975052723,1.1085229273747799
188,8,0.033350590061090264,1.1085229273747799
189,8,0.04758855021968089,1.1085229273747799
190,8,0.05250725679369428,1.1085229273747799
191,8,0.04635425877497631,1.1085229273747799
192,8,0.03653694947347643,1.1085229273747799
193,8,0.052834070223097475,1.1085229273747799
194,8,0.04266278409126733,1.1085229273747799
195,8,0.045893418349021775,1.1085229273747799
196,8,0.03187303100306951,1.1085229273747799
197,8,0.05311800306756639,1.1085229273747799
198,8,0.029798097585685173,1.1085229273747799
199,8,0.0359649108025305,1.1085229273747799
0,10,0.016870844192888892,1.01476648249411
1,10,0.02056169061894141,1.01476648249411
2,10,0.02467703664647535,1.01476648249411
3,10,0.02311669323116581,1.01476648249411
4,10,0.017780251968645994,1.01476648249411
5,10,0.020237793891133095,1.01476648249411
6,10,0.019006360138334694,1.01476648249411
7,10,0.024035022472498165,1.01476648249411
8,10,0.023270388861545224,1.01476648249411
9,10,0.017177111326366793,1.01476648249411
10,10,0.02335917542141291,1.01476648249411
11,10,0.015013249661150689,1.01476648249411
12,10,0.020412224594009702,1.01476648249411
13,10,0.016492521167746185,1.01476648249411
14,10,0.015424855649753528,1.01476648249411
15,10,0.03833945556028502,1.01476648249411
16,10,0.026083571837039857,1.01476648249411
17,10,0.01912599769752359,1.01476648249411
18,10,0.018218068789104123,1.01476648249411
19,10,0.019406227951128303,1.01476648249411
20,10,0.025896269096745528,1.01476648249411
21,10,0.018512574570282204,1.01476648249411
22,10,0.015428387594965837,1.01476648249411
23,10,0.027388732336293208,1.01476648249411
24,10,0.01933253050495652,1.01476648249411
25,10,0.023318754589748282,1.01476648249411
26,10,0.020757003543377707,1.01476648249411
27,10,0.01745356273565061,1.01476648249411
28,10,0.015143673683885016,1.01476648249411
29,10,0.025131159117622075,1.01476648249411
30,10,0.025408429791709763,1.01476648249411
31,10,0.01510699736770379,1.01476648249411
32,10,0.011684326078024703,1.01476648249411
33,10,0.016460909572309997,1.01476648249411
34,10,0.020993924648387577,1.01476648249411
35,10,0.015633465468190343,1.01476648249411
36,10,0.022188032248955082,1.01476648249411
37,10,0.026342020998491308,1.01476648249411
38,10,0.022498441731080544,1.01476648249411
39,10,0.012400193353471322,1.01476648249411
40,10,0.015876830196166578,1.01476648249411
41,10,0.022218035203815444,1.01476648249411
42,10,0.019284732333254943,1.01476648249411
43,10,0.015361924047698374,1.01476648249411
44,10,0.030507870595548214,1.01476648249411
45,10,0.019673997593803078,1.01476648249411
46,10,0.024188283893436614,1.01476648249411
47,10,0.02389290855017271,1.01476648249411
48,10,0.040998936038859526,1.01476648249411
49,10,0.01827745521704402,1.01476648249411
50,10,0.022416737019996566,1.01476648249411
51,10,0.0320282314727482,1.01476648249411
52,10,0.01714637669311122,1.01476648249411
53,10,0.0236746012549493,1.01476648249411
54,10,0.03925784129086236,1.01476648249411
55,10,0.029710665983264342,1.01476648249411
56,10,0.016417229524702804,1.01476648249411
57,10,0.01755531744385024,1.01476648249411
58,10,0.015545468481386753,1.01476648249411
59,10,0.01613729242037033,1.01476648249411
60,10,0.023353855658824373,1.01476648249411
61,10,0.019378584923273903,1.01476648249411
62,10,0.01235847217467008,1.01476648249411
63,10,0.021947213963402535,1.01476648249411
64,10,0.032357441647694954,1.01476648249411
65,10,0.018867815863415467,1.01476648249411
66,10,0.01764424146748189,1.01476648249411
67,10,0.0145513994863741,1.01476648249411
68,10,0.023020143410382426,1.01476648249411
69,10,0.018516572677965876,1.01476648249411
70,10,0.02110958308743741,1.01476648249411
71,10,0.024454448538877585,1.01476648249411
72,10,0.018453727107207326,1.01476648249411
73,10,0.02503732192846551,1.01476648249411
74,10,0.01805322847480835,1.01476648249411
75,10,0.025307392641191567,1.01476648249411
76,10,0.01558079358418099,1.01476648249411
77,10,0.018849663022797544,1.01476648249411
78,10,0.03590114585158972,1.01476648249411
79,10,0.024624190181041384,1.01476648249411
80,10,0.015565376941293108,1.01476648249411
81,10,0.02118270743794437,1.01476648249411
82,10,0.018264093939273026,1.01476648249411
83,10,0.01941077707235406,1.01476648249411
84,10,0.017124629983250202,1.01476648249411
85,10,0.01902489644578387,1.01476648249411
86,10,0.02551824001395517,1.01476648249411
87,10,0.013505540173895873,1.01476648249411
88,10,0.02568851537662419,1.01476648249411
89,10,0.016470034999719985,1.01476648249411
90,10,0.02693627558068696,1.01476648249411
91,10,0.021357934041694202,1.01476648249411
92,10,0.014873838623205508,1.01476648249411
93,10,0.03694054178828779,1.01476648249411
94,10,0.01815880150924508,1.01476648249411
95,10,0.01760666407730612,1.01476648249411
96,10,0.031877606133803506,1.01476648249411
97,10,0.01845324033176516,1.01476648249411
98,10,0.01551608559163486,1.01476648249411
99,10,0.01707798844857854,1.01476648249411
100,10,0.031533873931741244,1.01476648249411
101,10,0.01675069174439671,1.01476648249411
102,10,0.015569147711840472,1.01476648249411
103,10,0.027286447134895524,1.01476648249411
104,10,0.020747887449736706,1.01476648249411
105,10,0.02577886410679109,1.01476648249411
106,10,0.022236191683453643,1.01476648249411
107,10,0.016051057401712247,1.01476648249411
108,10,0.031151657005580435,1.01476648249411
109,10,0.018783744171171058,1.01476648249411
110,10,0.03987997107146263,1.01476648249411
111,10,0.03089533108334711,1.01476648249411
112,10,0.03708082153996619,1.01476648249411
113,10,0.021261264367153043,1.01476648249411
114,10,0.024606012197022492,1.01476648249411
115,10,0.026171167078155266,1.01476648249411
116,10,0.016528855243701818,1.01476648249411
117,10,0.02000247812853765,1.01476648249411
118,10,0.022863325860017533,1.01476648249411
119,10,0.014681779070051953,1.01476648249411
120,10,0.022841655511706336,1.01476648249411
121,10,0.02815651666091911,1.01476648249411
122,10,0.01434810596033949,1.01476648249411
123,10,0.013078843437966543,1.01476648249411
124,10,0.017588344830378588,1.01476648249411
125,10,0.028299808374406557,1.01476648249411
126,10,0.01877252502059906,1.01476648249411
127,10,0.0273748417192164,1.01476648249411
128,10,0.021524856482245985,1.01476648249411
129,10,0.019934857479342673,1.01476648249411
130,10,0.019029982895160096,1.01476648249411
131,10,0.02262001395033131,1.01476648249411
132,10,0.01729352935302975,1.01476648249411
133,10,0.013591847628122723,1.01476648249411
134,10,0.021830050780823305,1.01476648249411
135,10,0.01568719727870691,1.01476648249411
136,10,0.022847862982740573,1.01476648249411
137,10,0.01079018448405222,1.01476648249411
138,10,0.02880113358864452,1.01476648249411
139,10,0.01064441336867741,1.01476648249411
140,10,0.03152470647488537,1.01476648249411
141,10,0.022962073881110844,1.01476648249411
142,10,0.019177094612321977,1.01476648249411
143,10,0.028741258793125966,1.01476648249411
144,10,0.022428064539513192,1.01476648249411
145,10,0.028156786583960085,1.01476648249411
146,10,0.018975005871121723,1.01476648249411
147,10,0.03029984599154683,1.01476648249411
148,10,0.014726166132931063,1.01476648249411
149,10,0.02930969823695211,1.01476648249411
150,10,0.0339927721306261,1.01476648249411
151,10,0.030780383676964205,1.01476648249411
152,10,0.02089149617751646,1.01476648249411
153,10,0.020929711599393136,1.01476648249411
154,10,0.016013310251705205,1.01476648249411
155,10,0.02649988424859524,1.01476648249411
156,10,0.01596628714607828,1.01476648249411
157,10,0.01572194249437043,1.01476648249411
158,10,0.019379868413068418,1.01476648249411
159,10,0.03720553437334689,1.01476648249411
160,10,0.019401983872334546,1.01476648249411
161,10,0.016635160699662754,1.01476648249411
162,10,0.01600421328506321,1.01476648249411
163,10,0.03429855010341119,1.01476648249411
164,10,0.019170445626214023,1.01476648249411
165,10,0.02603490736071124,1.01476648249411
166,10,0.01468083258510594,1.01476648249411
167,10,0.021686641196060577,1.01476648249411
168,10,0.017566743395079052,1.01476648249411
169,10,0.040834799923361066,1.01476648249411
170,10,0.0164025113770328,1.01476648249411
171,10,0.015756303323210506,1.01476648249411
172,10,0.01991643200196551,1.01476648249411
173,10,0.023994228295713425,1.01476648249411
174,10,0.026659597244343528,1.01476648249411
175,10,0.017591121565979802,1.01476648249411
176,10,0.025956340087100037,1.01476648249411
177,10,0.02290760966373513,1.01476648249411
178,10,0.04605499333497202,1.01476648249411
179,10,0.015051786093489592,1.01476648249411
180,10,0.01930792919956157,1.01476648249411
181,10,0.017784633014798764,1.01476648249411
182,10,0.014137163579582345,1.01476648249411
183,10,0.015696414755486915,1.01476648249411
184,10,0.022950176928900008,1.01476648249411
185,10,0.025824085534818145,1.01476648249411
186,10,0.019802729405339444,1.01476648249411
187,10,0.01925422300682868,1.01476648249411
188,10,0.014906463846308051,1.01476648249411
189,10,0.026226433269297827,1.01476648249411
190,10,0.014893871869890872,1.01476648249411
191,10,0.028794994654895607,1.01476648249411
192,10,0.020144821469991483,1.01476648249411
193,10,0.029502716152539663,1.01476648249411
194,10,0.020906486341563377,1.01476648249411
195,10,0.030808545209271378,1.01476648249411
196,10,0.030841018218112498,1.01476648249411
197,10,0.017452661926635714,1.01476648249411
198,10,0.01889605301345905,1.01476648249411
199,10,0.0175761900703497,1.01476648249411
0,15,1.0982974534352007e-15,0.870247196328491
1,15,9.362464842611117e-16,0.870247196328491
2,15,9.30471786056991e-16,0.870247196328491
3,15,6.932360523121623e-16,0.870247196328491
4,15,7.994765180987467e-16,0.870247196328491
5,15,7.203540911497144e-16,0.870247196328491
6,15,6.307717713002399e-16,0.870247196328491
7,15,6.827948843538634e-16,0.870247196328491
8,15,8.933796979232962e-16,0.870247196328491
9,15,7.599764087497165e-16,0.870247196328491
10,15,1.0919326304506582e-15,0.870247196328491
11,15,1.4746290698871042e-15,0.870247196328491
12,15,8.554119387336041e-16,0.870247196328491
13,15,8.361531197449208e-16,0.870247196328491
14,15,8.956725968606645e-16,0.870247196328491
15,15,7.722011727175699e-16,0.870247196328491
16,15,1.0504697972273635e-15,0.870247196328491
17,15,9.218228929413151e-16,0.870247196328491
18,15,7.792639098368257e-16,0.870247196328491
19,15,7.935310776117333e-16,0.870247196328491
20,15,8.305681633965234e-16,0.870247196328491
21,15,7.044900831335293e-16,0.870247196328491
22,15,8.667382526756836e-16,0.870247196328491
23,15,9.02177635224877e-16,0.870247196328491
24,15,1.0282213292478443e-15,0.870247196328491
25,15,8.480512163112267e-16,0.870247196328491
26,15,1.0019055492901032e-15,0.870247196328491
27,15,8.685190369646318e-16,0.870247196328491
28,15,1.237398765445755e-15,0.870247196328491
29,15,8.832352418125627e-16,0.870247196328491
30,15,8.835156729023861e-16,0.870247196328491
31,15,8.9557704364916e-16,0.870247196328491
32,15,7.405617363513703e-16,0.870247196328491
33,15,1.0603612701039027e-15,0.870247196328491
34,15,6.348843933123436e-16,0.870247196328491
35,15,9.490268091343075e-16,0.870247196328491
36,15,1.0184122582858941e-15,0.870247196328491
37,15,1.5083397555931591e-15,0.870247196328491
38,15,7.072588630690124e-16,0.870247196328491
39,15,6.664321526931363e-16,0.870247196328491
40,15,1.0815967145083622e-15,0.870247196328491
41,15,9.937424514617447e-16,0.870247196328491
42,15,6.680239246440287e-16,0.870247196328491
43,15,8.01068883034597e-16,0.870247196328491
44,15,7.617193066925493e-16,0.870247196328491
45,15,6.916761033595874e-16,0.870247196328491
46,15,9.360080513810522e-16,0.870247196328491
47,15,7.623569214721711e-16,0.870247196328491
48,15,1.4848780782711552e-15,0.870247196328491
49,15,1.0289515310787004e-15,0.870247196328491
50,15,9.933191717070618e-16,0.870247196328491
51,15,8.720517118905957e-16,0.870247196328491
52,15,7.552374781680644e-16,0.870247196328491
53,15,8.069840667820809e-16,0.870247196328491
54,15,8.256742581233668e-16,0.870247196328491
55,15,6.190978390026418e-16,0.870247196328491
56,15,9.552430125428998e-16,0.870247196328491
57,15,1.2252337794429205e-15,0.870247196328491
58,15,7.3238408197451e-16,0.870247196328491
59,15,1.2777454355706655e-15,0.870247196328491
60,15,7.295391704091174e-16,0.870247196328491
61,15,9.88755351825841e-16,0.870247196328491
62,15,1.4797697445331624e-15,0.870247196328491
63,15,9.066045879915374e-16,0.870247196328491
64,15,1.054738566514976e-15,0.870247196328491
65,15,6.2325741676047955e-16,0.870247196328491
66,15,9.073772579022785e-16,0.870247196328491
67,15,8.639938888862351e-16,0.870247196328491
68,15,7.244134930948457e-16,0.870247196328491
69,15,9.232006390843001e-16,0.870247196328491
70,15,8.881861255452325e-16,0.870247196328491
71,15,9.134394357132516e-16,0.870247196328491
72,15,8.92579127873925e-16,0.870247196328491
73,15,7.503223797064515e-16,0.870247196328491
74,15,8.32429030540949e-16,0.870247196328491
75,15,7.043099151498848e-16,0.870247196328491
76,15,7.86683272549333e-16,0.870247196328491
77,15,7.547306791091713e-16,0.870247196328491
78,15,9.385624976461005e-16,0.870247196328491
79,15,8.329080786428662e-16,0.870247196328491
80,15,9.035202491026704e-16,0.870247196328491
81,15,6.917599489371842e-16,0.870247196328491
82,15,1.0511943505868059e-15,0.870247196328491
83,15,7.391091476197168e-16,0.870247196328491
84,15,8.874663607238573e-16,0.870247196328491
85,15,9.669791267818961e-16,0.870247196328491
86,15,8.153304700405398e-16,0.870247196328491
87,15,1.025376746500235e-15,0.870247196328491
88,15,1.2841904284855888e-15,0.870247196328491
89,15,1.0711122722641743e-15,0.870247196328491
90,15,8.479031338448142e-16,0.870247196328491
91,15,8.967900915054703e-16,0.870247196328491
92,15,7.371817847369065e-16,0.870247196328491
93,15,9.170089336700001e-16,0.870247196328491
94,15,8.23895735968849e-16,0.870247196328491
95,15,7.16160369098435e-16,0.870247196328491
96,15,8.185944834405383e-16,0.870247196328491
97,15,7.977588980472734e-16,0.870247196328491
98,15,2.601062641402085e-15,0.870247196328491
99,15,7.387491342294815e-16,0.870247196328491
100,15,6.200151331538241e-16,0.870247196328491
101,15,8.338075210914433e-16,0.870247196328491
102,15,7.391255507054151e-16,0.870247196328491
103,15,1.1022733052765072e-15,0.870247196328491
104,15,1.1257404007831706e-15,0.870247196328491
105,15,8.117871730037068e-16,0.870247196328491
106,15,8.259486458777499e-16,0.870247196328491
107,15,7.970661252885739e-16,0.870247196328491
108,15,7.822160102664123e-16,0.870247196328491
109,15,8.704608275563803e-16,0.870247196328491
110,15,7.670140194564811e-16,0.870247196328491
111,15,8.952141876154607e-16,0.870247196328491
112,15,9.227043027960638e-16,0.870247196328491
113,15,8.7632628997151725e-16,0.870247196328491
114,15,8.742918168241742e-16,0.870247196328491
115,15,9.351138808429003e-16,0.870247196328491
116,15,1.7900438375346668e-15,0.870247196328491
117,15,8.632323405836625e-16,0.870247196328491
118,15,6.266867298364059e-16,0.870247196328491
119,15,7.329762683306944e-16,0.870247196328491
120,15,7.633012740220081e-16,0.870247196328491
121,15,9.235123269709402e-16,0.870247196328491
122,15,7.942846893610993e-16,0.870247196328491
123,15,6.610166447908436e-16,0.870247196328491
124,15,8.405851735658552e-16,0.870247196328491
125,15,7.508311602010005e-16,0.870247196328491
126,15,8.139051813517393e-16,0.870247196328491
127,15,6.826405261732523e-16,0.870247196328491
128,15,1.1844614116907518e-15,0.870247196328491
129,15,6.577260788470833e-16,0.870247196328491
130,15,7.058829842641052e-16,0.870247196328491
131,15,9.619973875515246e-16,0.870247196328491
132,15,8.360643396415565e-16,0.870247196328491
133,15,9.11550824928595e-16,0.870247196328491
134,15,8.337438850166051e-16,0.870247196328491
135,15,1.006704144786338e-15,0.870247196328491
136,15,1.1133403150402615e-15,0.870247196328491
137,15,9.404215425255328e-16,0.870247196328491
138,15,1.423781239630354e-15,0.870247196328491
139,15,7.20866368518227e-16,0.870247196328491
140,15,6.352176022854073e-16,0.870247196328491
141,15,9.39863206591309e-16,0.870247196328491
142,15,1.122068017408673e-15,0.870247196328491
143,15,8.039838418609626e-16,0.870247196328491
144,15,8.674525383075779e-16,0.870247196328491
145,15,8.838593026646502e-16,0.870247196328491
146,15,1.234278770127668e-15,0.870247196328491
147,15,1.0127502236660844e-15,0.870247196328491
148,15,7.639440851057169e-16,0.870247196328491
149,15,7.873969217771749e-16,0.870247196328491
150,15,1.2339114866609288e-15,0.870247196328491
151,15,9.482287027788166e-16,0.870247196328491
152,15,9.099073381766891e-16,0.870247196328491
153,15,8.808629851789325e-16,0.870247196328491
154,15,6.884424264701577e-16,0.870247196328491
155,15,1.01420821427022e-15,0.870247196328491
156,15,8.140306575307828e-16,0.870247196328491
157,15,7.81887392864412e-16,0.870247196328491
158,15,7.86154958840638e-16,0.870247196328491
159,15,7.581372205602794e-16,0.870247196328491
160,15,8.019368438207293e-16,0.870247196328491
161,15,1.0720523682621709e-15,0.870247196328491
162,15,1.567832492925871e-15,0.870247196328491
163,15,9.600996533058538e-16,0.870247196328491
164,15,8.267245570593056e-16,0.870247196328491
165,15,8.792031162194827e-16,0.870247196328491
166,15,1.7500780164783042e-15,0.870247196328491
167,15,6.761590748757004e-16,0.870247196328491
168,15,7.035716555508779e-16,0.870247196328491
169,15,1.862501470443053e-15,0.870247196328491
170,15,7.658750820813654e-16,0.870247196328491
171,15,8.59683933532183e-16,0.870247196328491
172,15,6.884666318233458e-16,0.870247196328491
173,15,6.815963430397387e-16,0.870247196328491
174,15,9.777895995304942e-16,0.870247196328491
175,15,1.0469422196743225e-15,0.870247196328491
176,15,6.088709716869702e-16,0.870247196328491
177,15,8.916258451465534e-16,0.870247196328491
178,15,8.130665558843432e-16,0.870247196328491
179,15,8.965586693995561e-16,0.870247196328491
180,15,7.791503615583152e-16,0.870247196328491
181,15,1.1248397408077084e-15,0.870247196328491
182,15,9.87011738496161e-16,0.870247196328491
183,15,8.824368156561503e-16,0.870247196328491
184,15,8.299284940361154e-16,0.870247196328491
185,15,1.1102683740276208e-15,0.870247196328491
186,15,7.414119995736847e-16,0.870247196328491
187,15,9.669170092860192e-16,0.870247196328491
188,15,8.792666122620427e-16,0.870247196328491
189,15,7.933187153844619e-16,0.870247196328491
190,15,8.841476886468794e-16,0.870247196328491
191,15,6.689673902719815e-16,0.870247196328491
192,15,6.971352622963296e-16,0.870247196328491
193,15,1.1323102183905266e-15,0.870247196328491
194,15,6.793085813235718e-16,0.870247196328491
195,15,8.033028957249336e-16,0.870247196328491
196,15,1.4872072161463587e-15,0.870247196328491
197,15,1.3762770843464276e-15,0.870247196328491
198,15,9.41609761600189e-16,0.870247196328491
199,15,9.621407853224768e-16,0.870247196328491
0,20,5.040196158553484e-16,0.7849158750047563
1,20,6.111896518990178e-16,0.7849158750047563
2,20,5.659006018085224e-16,0.7849158750047563
3,20,5.108122339417746e-16,0.7849158750047563
4,20,5.102176505331042e-16,0.7849158750047563
5,20,5.335046264841099e-16,0.7849158750047563
6,20,6.316114038554486e-16,0.7849158750047563
7,20,5.312478154744835e-16,0.7849158750047563
8,20,5.052522095039472e-16,0.7849158750047563
9,20,5.204775469504624e-16,0.7849158750047563
10,20,6.997526769650366e-16,0.7849158750047563
11,20,6.141666110847641e-16,0.7849158750047563
12,20,4.655093350505104e-16,0.7849158750047563
13,20,5.78949761526453e-16,0.7849158750047563
14,20,6.826357237447895e-16,0.7849158750047563
15,20,5.300868586548429e-16,0.7849158750047563
16,20,5.792045380861099e-16,0.7849158750047563
17,20,5.255049082798953e-16,0.7849158750047563
18,20,5.254537632445852e-16,0.7849158750047563
19,20,6.503386785866571e-16,0.7849158750047563
20,20,6.510398673693543e-16,0.7849158750047563
21,20,6.08212854526127e-16,0.7849158750047563
22,20,6.975155515224247e-16,0.7849158750047563
23,20,4.716886736171293e-16,0.7849158750047563
24,20,5.781784224905176e-16,0.7849158750047563
25,20,5.76973521710703e-16,0.7849158750047563
26,20,5.506640681667235e-16,0.7849158750047563
27,20,5.091162980072747e-16,0.7849158750047563
28,20,5.591689860668455e-16,0.7849158750047563
29,20,5.732646391018398e-16,0.7849158750047563
30,20,6.004914578842941e-16,0.7849158750047563
31,20,5.832664198471876e-16,0.7849158750047563
32,20,5.866705870710514e-16,0.7849158750047563
33,20,4.943335303191744e-16,0.7849158750047563
34,20,5.995627240658115e-16,0.7849158750047563
35,20,5.81278695835413e-16,0.7849158750047563
36,20,5.175846046203778e-16,0.7849158750047563
37,20,6.705635323491083e-16,0.7849158750047563
38,20,5.634564004204995e-16,0.7849158750047563
39,20,5.080115966930859e-16,0.7849158750047563
40,20,6.808942966065884e-16,0.7849158750047563
41,20,6.660318114804739e-16,0.7849158750047563
42,20,5.891761957929727e-16,0.7849158750047563
43,20,5.335482513662189e-16,0.7849158750047563
44,20,6.032348476130495e-16,0.7849158750047563
45,20,6.757843696574405e-16,0.7849158750047563
46,20,4.789491374192444e-16,0.7849158750047563
47,20,5.325297799058627e-16,0.7849158750047563
48,20,6.157744967914153e-16,0.7849158750047563
49,20,5.79504445450161e-16,0.7849158750047563
50,20,5.761671058796445e-16,0.7849158750047563
51,20,5.199021341603545e-16,0.7849158750047563
52,20,5.001086472652536e-16,0.7849158750047563
53,20,6.432649161056156e-16,0.7849158750047563
54,20,6.149906546532573e-16,0.7849158750047563
55,20,5.429933559490823e-16,0.7849158750047563
56,20,5.39552622529058e-16,0.7849158750047563
57,20,4.865329532060651e-16,0.7849158750047563
58,20,7.250707014662384e-16,0.7849158750047563
59,20,5.972841289237685e-16,0.7849158750047563
60,20,5.195908698493708e-16,0.7849158750047563
61,20,6.330988454827515e-16,0.7849158750047563
62,20,6.183153411691493e-16,0.7849158750047563
63,20,6.130246098039324e-16,0.7849158750047563
64,20,6.098145701845927e-16,0.7849158750047563
65,20,5.834929256576143e-16,0.7849158750047563
66,20,5.47771039660101e-16,0.7849158750047563
67,20,7.318980342987637e-16,0.7849158750047563
68,20,5.747939507012484e-16,0.7849158750047563
69,20,5.235789019944288e-16,0.7849158750047563
70,20,5.190876481169153e-16,0.7849158750047563
71,20,6.198642039242326e-16,0.7849158750047563
72,20,5.897090335504018e-16,0.7849158750047563
73,20,5.276841898097533e-16,0.7849158750047563
74,20,6.115940790810861e-16,0.7849158750047563
75,20,5.492667195419064e-16,0.7849158750047563
76,20,6.021805264284296e-16,0.7849158750047563
77,20,5.80074871225707e-16,0.7849158750047563
78,20,6.203788906785475e-16,0.7849158750047563
79,20,4.749514013145962e-16,0.7849158750047563
80,20,7.564219901530022e-16,0.7849158750047563
81,20,5.365964483759656e-16,0.7849158750047563
82,20,5.839496809417328e-16,0.7849158750047563
83,20,5.218803109321308e-16,0.7849158750047563
84,20,5.633441460281782e-16,0.7849158750047563
85,20,5.91627007344338e-16,0.7849158750047563
86,20,5.551022597320771e-16,0.7849158750047563
87,20,5.166446522769768e-16,0.7849158750047563
88,20,5.441522230043785e-16,0.7849158750047563
89,20,4.871571015351675e-16,0.7849158750047563
90,20,5.312235962237731e-16,0.7849158750047563
91,20,6.459471531336619e-16,0.7849158750047563
92,20,5.418202571969813e-16,0.7849158750047563
93,20,5.542576583986857e-16,0.7849158750047563
94,20,5.564172108178695e-16,0.7849158750047563
95,20,5.365063138804975e-16,0.7849158750047563
96,20,5.342978288211232e-16,0.7849158750047563
97,20,5.375147925697283e-16,0.7849158750047563
98,20,5.497158004490345e-16,0.7849158750047563
99,20,6.117451735398864e-16,0.7849158750047563
100,20,5.639349386293624e-16,0.7849158750047563
101,20,5.473510194368309e-16,0.7849158750047563
102,20,5.520667988715507e-16,0.7849158750047563
103,20,6.368871330601846e-16,0.7849158750047563
104,20,5.310373867576965e-16,0.7849158750047563
105,20,6.472616497344084e-16,0.7849158750047563
106,20,5.663030625333455e-16,0.7849158750047563
107,20,4.949919684380134e-16,0.7849158750047563
108,20,6.269620456844389e-16,0.7849158750047563
109,20,6.624423325940612e-16,0.7849158750047563
110,20,6.385809302576817e-16,0.7849158750047563
111,20,5.525961434553749e-16,0.7849158750047563
112,20,5.697708976522201e-16,0.7849158750047563
113,20,6.296727685711973e-16,0.7849158750047563
114,20,4.828426461345412e-16,0.7849158750047563
115,20,4.701070233453842e-16,0.7849158750047563
116,20,5.079926449773654e-16,0.7849158750047563
117,20,5.676324426116673e-16,0.7849158750047563
118,20,7.508724395349259e-16,0.7849158750047563
119,20,5.994117062144932e-16,0.7849158750047563
120,20,5.528587381462036e-16,0.7849158750047563
121,20,5.347034380239786e-16,0.7849158750047563
122,20,5.818909757888525e-16,0.7849158750047563
123,20,5.63460980303923e-16,0.7849158750047563
124,20,5.776621103437388e-16,0.7849158750047563
125,20,5.332701170104872e-16,0.7849158750047563
126,20,5.870073287812053e-16,0.7849158750047563
127,20,6.92404154223437e-16,0.7849158750047563
128,20,6.081166651843677e-16,0.7849158750047563
129,20,5.805976679213667e-16,0.7849158750047563
130,20,6.06431631182719e-16,0.7849158750047563
131,20,5.369824674499211e-16,0.7849158750047563
132,20,8.955247537623677e-16,0.7849158750047563
133,20,7.145718699489933e-16,0.7849158750047563
134,20,5.593405954617266e-16,0.7849158750047563
135,20,5.90583110722743e-16,0.7849158750047563
136,20,6.755496881133857e-16,0.7849158750047563
137,20,5.341170984940123e-16,0.7849158750047563
138,20,5.045344842724486e-16,0.7849158750047563
139,20,5.31517227397711e-16,0.7849158750047563
140,20,7.234923752781752e-16,0.7849158750047563
141,20,6.277751770638246e-16,0.7849158750047563
142,20,6.084791122107056e-16,0.7849158750047563
143,20,6.077742388336012e-16,0.7849158750047563
144,20,7.18802346268556e-16,0.7849158750047563
145,20,5.739291673948937e-16,0.7849158750047563
146,20,4.907879178324719e-16,0.7849158750047563
147,20,6.575138531082538e-16,0.7849158750047563
148,20,5.281525771440785e-16,0.7849158750047563
149,20,5.523255339589035e-16,0.7849158750047563
150,20,5.409001460112905e-16,0.7849158750047563
151,20,7.235738499844577e-16,0.7849158750047563
152,20,4.920136185460199e-16,0.7849158750047563
153,20,6.690680334389708e-16,0.7849158750047563
154,20,5.132538450131588e-16,0.7849158750047563
155,20,5.196557446521221e-16,0.7849158750047563
156,20,6.028442371816274e-16,0.7849158750047563
157,20,5.39340049977697e-16,0.7849158750047563
158,20,5.008451395926135e-16,0.7849158750047563
159,20,8.243223297243602e-16,0.7849158750047563
160,20,5.981955385531014e-16,0.7849158750047563
161,20,5.79404997871082e-16,0.7849158750047563
162,20,5.876067177669646e-16,0.7849158750047563
163,20,8.083796460880079e-16,0.7849158750047563
164,20,5.839406555918172e-16,0.7849158750047563
165,20,5.667036279670494e-16,0.7849158750047563
166,20,5.926630542619588e-16,0.7849158750047563
167,20,6.098104950756602e-16,0.7849158750047563
168,20,5.431353955649529e-16,0.7849158750047563
169,20,5.141024122977405e-16,0.7849158750047563
170,20,5.345755140689362e-16,0.7849158750047563
171,20,5.092284388944331e-16,0.7849158750047563
172,20,5.943466553063766e-16,0.7849158750047563
173,20,5.221638681023665e-16,0.7849158750047563
174,20,4.491312600341065e-16,0.7849158750047563
175,20,5.551666882288534e-16,0.7849158750047563
176,20,6.80381061583865e-16,0.7849158750047563
177,20,5.546830895215835e-16,0.7849158750047563
178,20,5.307145896824408e-16,0.7849158750047563
179,20,6.085324973657352e-16,0.7849158750047563
180,20,4.844287142049819e-16,0.7849158750047563
181,20,6.217252519206706e-16,0.7849158750047563
182,20,5.305996759127662e-16,0.7849158750047563
183,20,5.38525220391248e-16,0.7849158750047563
184,20,7.23453825245162e-16,0.7849158750047563
185,20,5.781922901557677e-16,0.7849158750047563
186,20,6.645847346493575e-16,0.7849158750047563
187,20,7.043626817678163e-16,0.7849158750047563
188,20,4.941181426504532e-16,0.7849158750047563
189,20,6.111686275252288e-16,0.7849158750047563
190,20,8.594813863931927e-16,0.7849158750047563
191,20,5.853337632015876e-16,0.7849158750047563
192,20,5.536038939258781e-16,0.7849158750047563
193,20,5.305317590033831e-16,0.7849158750047563
194,20,4.839766712651143e-16,0.7849158750047563
195,20,6.753769638720065e-16,0.7849158750047563
196,20,5.321582493437627e-16,0.7849158750047563
197,20,4.608235698707466e-16,0.7849158750047563
198,20,5.043379469786346e-16,0.7849158750047563
199,20,4.451073811803468e-16,0.7849158750047563
