trial,tau,det_error,rnd_error,error_ratio
0,0.0,6.291647507595524e-15,5.382839166293469e-15,0.85555320125533
0,0.02,0.019976468022539287,0.0319085143322241,1.5973051039964614
0,0.04,0.0399288240041661,0.07171552889582226,1.7960841743883966
0,0.06,0.0598332817390012,0.09348506045173338,1.5624257559450712
0,0.08,0.07966634060552553,0.12340230893573946,1.5489892970831456
0,0.1,0.09940492274470933,0.18309458411504634,1.8419066084409916
1,0.0,7.189747181346567e-15,4.171726264010809e-15,0.5802326783943308
1,0.02,0.019975307130667082,0.03160085392674644,1.5819958972361052
1,0.04,0.03992454554130855,0.06696124467461458,1.6771949127218513
1,0.06,0.05982394931342322,0.10349025639056751,1.7299134807762768
1,0.08,0.07965005176357622,0.11893830587344933,1.4932608735332868
1,0.1,0.09937982211465528,0.1674692238198791,1.685143123185193
2,0.0,7.246174033925004e-15,6.261314656032041e-15,0.864085602514918
2,0.02,0.019977435440210023,0.028154287959968306,1.409304414684787
2,0.04,0.039932048687136276,0.06112860904320304,1.530815749578484
2,0.06,0.059840040018825605,0.11315731720004084,1.8909966832315233
2,0.08,0.07967788626563767,0.1202361161187052,1.509027432252039
2,0.1,0.0994224783205934,0.17631134096458254,1.7733549187544557
3,0.0,1.3098458495794088e-14,4.406583583064343e-15,0.33642001342977085
3,0.02,0.019976467979364435,0.042974641051310505,2.1512632311028677
3,0.04,0.039928610994336644,0.062026143811035425,1.553426033773953
3,0.06,0.05983265143246057,0.09809704170644855,1.6395235604288911
3,0.08,0.07966509928728027,0.12958367970413134,1.626605387596891
3,0.1,0.09940288945411224,0.1560667094851991,1.5700419810959803
4,0.0,7.0640603852419134e-15,5.321100266412971e-15,0.7532637005099364
4,0.02,0.019977441937837844,0.03639594397974998,1.8218520716015711
4,0.04,0.039931172046071536,0.07567312433234596,1.8950889857436768
4,0.06,0.05983740218591543,0.10983936331574357,1.8356305471696703
4,0.08,0.07967262695986972,0.13270777403233,1.6656633413025723
4,0.1,0.09941376097502913,0.15015333607303444,1.5103878436985212
5,0.0,7.040386575194952e-15,4.072581366375563e-15,0.5784599074039896
5,0.02,0.01997591393908608,0.0296575405813652,1.4846650156684678
5,0.04,0.0399267585755739,0.05653910287563964,1.416070447307203
5,0.06,0.05982876783469318,0.1166984458865165,1.9505406865298343
5,0.08,0.07965846789251202,0.1493755432786454,1.875199802740455
5,0.1,0.09939281406079095,0.1797951414402572,1.8089350134536923
6,0.0,5.4697560649821574e-15,4.5353094766090136e-15,0.8291611952577648
6,0.02,0.019978052144636882,0.03307024494179861,1.655328792936219
6,0.04,0.03993223056614764,0.06469930650545855,1.6202277105027807
6,0.06,0.05983877718233788,0.10838369337506466,1.8112618351943093
6,0.08,0.0796742174178733,0.12452791134219511,1.5629637212383813
6,0.1,0.09941549696839669,0.14009634137994198,1.4092002318760966
7,0.0,6.153103450480695e-15,4.1411833699673894e-15,0.6730235243556437
7,0.02,0.019975454782541757,0.030523077404519736,1.5280291606274936
7,0.04,0.03992650482783757,0.05996346260711847,1.5018460259839905
7,0.06,0.05982936836107939,0.10205981694917339,1.7058481435609814
7,0.08,0.0796605512273904,0.12256599580745871,1.5386034105839297
7,0.1,0.09939698398149573,0.1671046959392963,1.6811847728740483
8,0.0,5.4234600903855565e-15,3.977859851848673e-15,0.7334542497879587
8,0.02,0.01997586862383245,0.033370611046585674,1.6705461812445277
8,0.04,0.039927089534786436,0.0723073077765769,1.8109836859904158
8,0.06,0.05982988554876395,0.0958763803860387,1.6024830986496756
8,0.08,0.07966076880665252,0.12243032088021963,1.5368960495143427
8,0.1,0.09939667779822774,0.16931197928453032,1.7033967637050056
9,0.0,1.4298343132937904e-14,5.39745186098006e-15,0.37748792365644096
9,0.02,0.01997784361664602,0.02941739656028081,1.4725010929492672
9,0.04,0.039932624669317685,0.06471191331439512,1.6205274221335282
9,0.06,0.05984056604943846,0.09183425546569614,1.5346488432249366
9,0.08,0.07967816765216057,0.1359202039781362,1.7058650817812897
9,0.1,0.09942234328981144,0.174485548305513,1.7549933197299108
10,0.0,5.716986422735059e-15,5.708488464221727e-15,0.9985135597874542
10,0.02,0.019975969502901647,0.0325117444424049,1.6275427551930506
10,0.04,0.03992731100790891,0.13411084757059116,3.358875020259344
10,0.06,0.059830298653297004,0.10410512913415226,1.7400068439808039
10,0.08,0.07966149687930145,0.14588402680227963,1.8312990907428564
10,0.1,0.09939789728103604,0.16337247089395412,1.6436209956437748
11,0.0,5.504855792133849e-15,5.2713357680115406e-15,0.9575792658445301
11,0.02,0.019976758684384498,0.03023773136675158,1.5136455240052489
11,0.04,0.039929218840805226,0.0652892365116835,1.635124312649009
11,0.06,0.05983362755845623,0.09083251917624156,1.5180847774522788
11,0.08,0.07966651803328985,0.1144267329917259,1.436321503895915
11,0.1,0.09940484643872453,0.13716572723867332,1.379869615544605
12,0.0,1.322012080977383e-14,5.156994750759922e-15,0.39008680971714565
12,0.02,0.019976428204012228,0.03143431880318225,1.5735705343395037
12,0.04,0.03992867316947932,0.07019231148901683,1.7579424988925112
12,0.06,0.05983295186442529,0.09010897730372051,1.5060092222743293
12,0.08,0.0796657673144545,0.1341797225042924,1.6842833129901569
12,0.1,0.09940404573179944,0.14467420085865257,1.4554156200945367
13,0.0,6.428599232338405e-15,4.494248552683418e-15,0.699102306778678
13,0.02,0.019976200773508843,0.03240660226827331,1.6222605407154733
13,0.04,0.03992811082596837,0.05696004766551348,1.4265650562277017
13,0.06,0.059831943757421256,0.09067064770073502,1.5154220639788036
13,0.08,0.07966420001662981,0.1150815859394611,1.4445834630290388
13,0.1,0.09940180404828365,0.15899605858056698,1.5995289029496476
14,0.0,3.5148590382473103e-15,4.021019227098435e-15,1.1440058287809807
14,0.02,0.019976505460360245,0.030807400802645844,1.5421816825659296
14,0.04,0.03992773279400893,0.06532873556945683,1.6361744331062862
14,0.06,0.059829914114032705,0.0934330854105158,1.5616449863597865
14,0.08,0.07965957526013598,0.11492477397599729,1.4426988042642637
14,0.1,0.09939367265520584,0.18477948034369387,1.8590668340095378
15,0.0,6.040270289585692e-15,4.7500457139613935e-15,0.7863962184194251
15,0.02,0.019976730009546258,0.03842157705807555,1.9233166308857892
15,0.04,0.03992986409395164,0.07823147367069114,1.9592221372609484
15,0.06,0.05983561913989895,0.09229879584531672,1.542539329784774
15,0.08,0.07967049421821717,0.11859935267462059,1.488623283166506
15,0.1,0.09941140795666241,0.1647336857665982,1.657090359673937
