family,trial,order,p,det_error,rnd_error,error_ratio
nearly_low_rank,0,4,5,0.023367475197702037,0.023477861309201254,1.004723921200955
nearly_low_rank,1,4,5,0.016510958105838667,0.016510962146911775,1.0000002447509757
nearly_low_rank,2,4,5,0.016208345882810834,0.01779118838789431,1.0976560172473924
nearly_low_rank,3,4,5,0.02147340388257981,0.02162104314063954,1.0068754473611659
nearly_low_rank,4,4,5,0.01706539172865616,0.017631597188437733,1.0331785797117568
nearly_low_rank,5,4,5,0.01491739679238203,0.014996955874997204,1.0053333087349265
nearly_low_rank,6,4,5,0.017723585241643386,0.017886319377343293,1.0091817842429278
nearly_low_rank,7,4,5,0.01898645632008283,0.021977656082124132,1.1575438676714713
nearly_low_rank,8,4,5,0.01683804906727447,0.016864859367511288,1.0015922450474932
nearly_low_rank,9,4,5,0.014963812296015488,0.01630810963749252,1.089836554674973
nearly_low_rank,10,4,5,0.02020042675922062,0.020208100690150547,1.0003798895449783
nearly_low_rank,11,4,5,0.016518024509224582,0.016557097328050868,1.0023654656042231
nearly_low_rank,12,4,5,0.02024241242587755,0.020260728591929417,1.0009048410666928
nearly_low_rank,13,4,5,0.016168066685245352,0.016287768432346927,1.0074035906352867
nearly_low_rank,14,4,5,0.015824977174822587,0.01651304769999368,1.0434800327084077
nearly_low_rank,15,4,5,0.019012956667171323,0.01944483527874376,1.0227149632291617
nearly_low_rank,0,5,5,0.03426179701258496,0.036835119682596014,1.0751076386643068
nearly_low_rank,1,5,5,0.03618090357425107,0.03801002560798238,1.0505549019796467
nearly_low_rank,2,5,5,0.03500947449948725,0.044997248341062814,1.2852877395152518
nearly_low_rank,3,5,5,0.03452792821959878,0.039743385533207325,1.1510503984032305
nearly_low_rank,4,5,5,0.03537992622947009,0.041508892294133175,1.1732328672737
nearly_low_rank,5,5,5,0.03636452663109132,0.039582831474130026,1.088501216465364
nearly_low_rank,6,5,5,0.03596506696403696,0.03904820288054338,1.0857258494635749
nearly_low_rank,7,5,5,0.03383726894250027,0.03990897674802688,1.1794384711084183
nearly_low_rank,8,5,5,0.03446476335650145,0.04915709259484473,1.4263000179739145
nearly_low_rank,9,5,5,0.034475787657876636,0.04391053538174982,1.2736630071370578
nearly_low_rank,10,5,5,0.03437986849066547,0.04556087393303906,1.3252195524078099
nearly_low_rank,11,5,5,0.03626959859275977,0.043942192267542604,1.21154338543781
nearly_low_rank,12,5,5,0.03438823968523691,0.03897485144343492,1.1333773348150493
nearly_low_rank,13,5,5,0.03520488500025781,0.04770894891968094,1.355179797330159
nearly_low_rank,14,5,5,0.03538868205174794,0.039006251791948165,1.1022239182264644
nearly_low_rank,15,5,5,0.03453197383448699,0.03844663157216022,1.1133632776520777
nearly_low_rank,0,6,5,0.045164507207069333,0.060170473921426805,1.3322513106488334
nearly_low_rank,1,6,5,0.044951472227941686,0.06681474067844484,1.4863749142550446
nearly_low_rank,2,6,5,0.04492525487527001,0.05956419079924421,1.3258509264915155
nearly_low_rank,3,6,5,0.04445286443921978,0.0645811834646214,1.4528013949005014
nearly_low_rank,4,6,5,0.04429372548144292,0.06349486016811676,1.4334955905824234
nearly_low_rank,5,6,5,0.045012877520670895,0.07127555909430074,1.5834481823911268
nearly_low_rank,6,6,5,0.04440639650571741,0.07170845099979291,1.6148225625684423
nearly_low_rank,7,6,5,0.04454053892719933,0.062236823976894645,1.3973073850457796
nearly_low_rank,8,6,5,0.044526240250893155,0.0621452174794386,1.3956987414447604
nearly_low_rank,9,6,5,0.04507292140403468,0.06795878679602649,1.507751986760352
nearly_low_rank,10,6,5,0.04452095292172985,0.06756221970723673,1.5175375923784613
nearly_low_rank,11,6,5,0.04484292435746274,0.06866033213019139,1.5311296734992033
nearly_low_rank,12,6,5,0.04500801280257513,0.06826092759821109,1.516639445905631
nearly_low_rank,13,6,5,0.044688647786841736,0.06526480518528567,1.460433654125969
nearly_low_rank,14,6,5,0.04477099560034921,0.06638540810274181,1.4827771241750989
nearly_low_rank,15,6,5,0.04406502651634317,0.06032801748736128,1.3690679946598097
nearly_low_rank,0,7,5,0.04818319166422127,0.06612665544436767,1.3724008966693346
nearly_low_rank,1,7,5,0.04807974558808385,0.09095531615872454,1.8917595142447474
nearly_low_rank,2,7,5,0.04815418583148469,0.07759416856453236,1.6113691307350253
nearly_low_rank,3,7,5,0.04831356226441068,0.07981104238181044,1.6519386822486866
nearly_low_rank,4,7,5,0.04823791860933744,0.1026151955957237,2.127272456068625
nearly_low_rank,5,7,5,0.04810725445993562,0.07822579438001429,1.6260706468950914
nearly_low_rank,6,7,5,0.048056623009826056,0.08419941075427226,1.7520875475801982
nearly_low_rank,7,7,5,0.04831351137309031,0.08103906838171933,1.677358280914695
nearly_low_rank,8,7,5,0.048243361513393306,0.08177930410300045,1.6951410834068208
nearly_low_rank,9,7,5,0.048272034905289744,0.07485965057918992,1.550787132261264
nearly_low_rank,10,7,5,0.048386615940406184,0.06772932438805698,1.3997532803590484
nearly_low_rank,11,7,5,0.04811335797015616,0.06776357364318507,1.4084149704374735
nearly_low_rank,12,7,5,0.04821748264662023,0.0794117626407923,1.6469495768327636
nearly_low_rank,13,7,5,0.04816993683954293,0.08029946559236796,1.6670037550568209
nearly_low_rank,14,7,5,0.048254666667825456,0.07837897713420516,1.624277661552381
nearly_low_rank,15,7,5,0.048096801424756246,0.07213363177686775,1.4997594359723752
nearly_low_rank,0,8,5,0.049378056596067775,0.0959934726149002,1.9440512493265003
nearly_low_rank,1,8,5,0.04940918787575304,0.08859095474874382,1.7930056849248226
nearly_low_rank,2,8,5,0.04938551153406078,0.07177504098706429,1.4533623072338056
nearly_low_rank,3,8,5,0.049363389871571864,0.08591354449488078,1.740430402336651
nearly_low_rank,4,8,5,0.049405618325653704,0.07318967815043195,1.4814039502148777
nearly_low_rank,5,8,5,0.04935668707925706,0.07763521847397023,1.5729422509518
nearly_low_rank,6,8,5,0.04942646575502629,0.08185985996564404,1.6561948890169136
nearly_low_rank,7,8,5,0.04938347367924821,0.08828310049316784,1.7877053580025077
nearly_low_rank,8,8,5,0.049363385862571635,0.09560836344343172,1.9368275042884369
nearly_low_rank,9,8,5,0.04936970577311264,0.07776678231017733,1.5751923389531337
nearly_low_rank,10,8,5,0.04936976431455728,0.0846151408783592,1.7139061134510902
nearly_low_rank,11,8,5,0.04941208108582156,0.07322230020102977,1.4818703967123614
nearly_low_rank,12,8,5,0.04940874393763692,0.0944394894073776,1.9113922330544957
nearly_low_rank,13,8,5,0.04939159685550093,0.06976327337247924,1.412452275567791
nearly_low_rank,14,8,5,0.049381812234355574,0.07456748492235303,1.5100192064331623
nearly_low_rank,15,8,5,0.049398250869742116,0.07784188921569171,1.575802540477646
nearly_low_rank,0,9,5,0.0497768634977281,0.09400869112901251,1.8886021441126606
nearly_low_rank,1,9,5,0.04977983390510741,0.09174939724994734,1.84310372398679
nearly_low_rank,2,9,5,0.049768193371797595,0.08261765517926715,1.6600493122598365
nearly_low_rank,3,9,5,0.04979552396902936,0.07429864354626863,1.4920747413458113
nearly_low_rank,4,9,5,0.04977435313462826,0.08606465086132682,1.7290963205195573
nearly_low_rank,5,9,5,0.04976865077132024,0.08518785678904509,1.711677039035496
nearly_low_rank,6,9,5,0.04979226939148106,0.08314061375891807,1.6697494365087637
nearly_low_rank,7,9,5,0.04976805450295728,0.08523467848047052,1.7126383446515028
nearly_low_rank,8,9,5,0.04978073349802127,0.08694910920665579,1.7466417848204652
nearly_low_rank,9,9,5,0.049767755394806976,0.07783265861919482,1.563917399966089
nearly_low_rank,10,9,5,0.0497817730904433,0.08078265272728695,1.6227355458095354
nearly_low_rank,11,9,5,0.04978342567014468,0.06850644769429418,1.3760894669684767
nearly_low_rank,12,9,5,0.04976702378792892,0.07600631878404085,1.5272425995961671
nearly_low_rank,13,9,5,0.049769385375884996,0.08962782727047959,1.800862650674955
nearly_low_rank,14,9,5,0.04976420777453282,0.07569285215010077,1.521029983900138
nearly_low_rank,15,9,5,0.04976507533028957,0.10667002598093496,2.143471606803941
nearly_low_rank,0,10,5,0.04988935905603374,0.07807312345626996,1.5649253655189543
nearly_low_rank,1,10,5,0.04988623841485555,0.07210468046339759,1.445382188646351
nearly_low_rank,2,10,5,0.049886341628666744,0.0774626063765969,1.5527818606783483
nearly_low_rank,3,10,5,0.049893903373703676,0.07804886197349417,1.5642965712446026
nearly_low_rank,4,10,5,0.049888234923322616,0.07937313709728008,1.5910191494903612
nearly_low_rank,5,10,5,0.04989641054424707,0.08871316806091407,1.7779468922367698
nearly_low_rank,6,10,5,0.04989124117623562,0.09742374436066441,1.9527224030471635
nearly_low_rank,7,10,5,0.04988461649690034,0.08845673147942397,1.7732266516456103
nearly_low_rank,8,10,5,0.04989528872392282,0.0861994584805464,1.7276071686346843
nearly_low_rank,9,10,5,0.04989228816072537,0.08176546401633118,1.6388397291566996
nearly_low_rank,10,10,5,0.049888963567231374,0.09052641960786767,1.8145580331784692
nearly_low_rank,11,10,5,0.049886347450293696,0.08235170444281881,1.650786410547962
nearly_low_rank,12,10,5,0.0498883619494994,0.0827682167023636,1.6590686378147184
nearly_low_rank,13,10,5,0.04988887697694685,0.07421217653367759,1.48754955073393
nearly_low_rank,14,10,5,0.04989255455934217,0.09436847213217714,1.8914339617534586
nearly_low_rank,15,10,5,0.04989155933360124,0.07947508434371695,1.592956512188859
quadratic_decay,0,4,5,0.005608662145222969,0.007560498158097571,1.3480038487497465
quadratic_decay,1,4,5,0.0048364125905517134,0.005386878533554664,1.113816994041891
quadratic_decay,2,4,5,0.005590855086140182,0.006383022421536261,1.141689835130922
quadratic_decay,3,4,5,0.005789638353423805,0.006733982109874631,1.1631092822736282
quadratic_decay,4,4,5,0.005565571505944756,0.005803467566561152,1.0427442285778366
quadratic_decay,5,4,5,0.004588816927098206,0.0048528408265950795,1.0575363767374855
quadratic_decay,6,4,5,0.005323283191044746,0.00579726907058024,1.089040139801856
quadratic_decay,7,4,5,0.005407828496590956,0.005667403871658046,1.0479999273702418
quadratic_decay,8,4,5,0.005489204177176613,0.005573066390780251,1.0152776633728302
quadratic_decay,9,4,5,0.006041913053832192,0.006203416548117861,1.026730522741176
quadratic_decay,10,4,5,0.0042618640008141515,0.005329704023320875,1.2505570384936573
quadratic_decay,11,4,5,0.00658028546112606,0.007228232712278608,1.0984679547688905
quadratic_decay,12,4,5,0.0046371030230994825,0.004949243494669368,1.0673136805490355
quadratic_decay,13,4,5,0.0065498570232363,0.0068174471954151415,1.0408543531911516
quadratic_decay,14,4,5,0.006238045376605032,0.006789960414739489,1.0884756369686475
quadratic_decay,15,4,5,0.004892853987294969,0.005577636594493684,1.1399556596164235
quadratic_decay,0,5,5,0.00589478951113388,0.006356482759992007,1.0783222620563628
quadratic_decay,1,5,5,0.006263250199951279,0.006836086657952416,1.0914599352913592
quadratic_decay,2,5,5,0.006876099516996051,0.0075723127896427525,1.1012511920349366
quadratic_decay,3,5,5,0.006736423096843644,0.00739358573625852,1.097553646789613
quadratic_decay,4,5,5,0.006586106427080887,0.00681661504111433,1.0349992239854542
quadratic_decay,5,5,5,0.005675057615924504,0.0060361969095850815,1.0636362338678644
quadratic_decay,6,5,5,0.00754250682085048,0.007872445840772582,1.0437439471728445
quadratic_decay,7,5,5,0.006634737180315209,0.00706376082162435,1.0646632458301473
quadratic_decay,8,5,5,0.0074274454666019285,0.00793274106876472,1.068030873391786
quadratic_decay,9,5,5,0.008114636536111346,0.008956331329552149,1.103725507568347
quadratic_decay,10,5,5,0.006046804848185033,0.006526854351566686,1.079388952584726
quadratic_decay,11,5,5,0.006619704090524866,0.007270572547057027,1.0983228929316922
quadratic_decay,12,5,5,0.006704438159006514,0.0072333940469596885,1.078896378101809
quadratic_decay,13,5,5,0.006254556898103362,0.006614436389850634,1.0575387669518845
quadratic_decay,14,5,5,0.007205483054372366,0.007410838709726141,1.0284999151068939
quadratic_decay,15,5,5,0.00803318460188296,0.009669779898856895,1.2037293275434402
quadratic_decay,0,6,5,0.006490722901797643,0.008497630218522722,1.3091962709067821
quadratic_decay,1,6,5,0.006929216609001894,0.0075924469873758504,1.0957150592625924
quadratic_decay,2,6,5,0.00863928001450468,0.01065655492747658,1.2335003506756412
quadratic_decay,3,6,5,0.0064236605481353464,0.007473006235697663,1.1633563417149928
quadratic_decay,4,6,5,0.006171386278072583,0.007427522848924882,1.2035420429467283
quadratic_decay,5,6,5,0.007940382416672003,0.009033983240530117,1.1377264678791714
quadratic_decay,6,6,5,0.006621874100114008,0.007716632500876279,1.1653245567963038
quadratic_decay,7,6,5,0.006047440668606318,0.006949069723986572,1.1490926665987515
quadratic_decay,8,6,5,0.006422252043916035,0.007428157539176757,1.1566281560396938
quadratic_decay,9,6,5,0.006810461501515182,0.00835781848143437,1.2272029552732855
quadratic_decay,10,6,5,0.00924773177256113,0.009882174797381394,1.0686052580701697
quadratic_decay,11,6,5,0.007483794003624071,0.008722696593523663,1.165544720939626
quadratic_decay,12,6,5,0.006883721746754593,0.008485199570124665,1.23264708863706
quadratic_decay,13,6,5,0.007417527795677776,0.00842397408092786,1.135684868728978
quadratic_decay,14,6,5,0.009668453261239034,0.011019312465080824,1.1397182328281406
quadratic_decay,15,6,5,0.006693207638058695,0.007253186465142082,1.0836637464971584
quadratic_decay,0,7,5,0.006399009479790623,0.007250484457188223,1.1330635593034721
quadratic_decay,1,7,5,0.006404633074290918,0.007889049830476235,1.231772334022377
quadratic_decay,2,7,5,0.0053805186502648905,0.006223847303121757,1.1567374276855908
quadratic_decay,3,7,5,0.006674575652370715,0.007571015924709798,1.1343067063777574
quadratic_decay,4,7,5,0.005945109770781174,0.006564667406080284,1.1042129849887872
quadratic_decay,5,7,5,0.006810547065436062,0.007715228971403038,1.1328354238322926
quadratic_decay,6,7,5,0.0071420804676531665,0.008193910053397821,1.1472721555726575
quadratic_decay,7,7,5,0.00786402051166116,0.009810609872660499,1.247531063546037
quadratic_decay,8,7,5,0.006181864266691337,0.0077716119807073,1.2571631542578061
quadratic_decay,9,7,5,0.0073987724565222155,0.008491072508326388,1.1476326050331878
quadratic_decay,10,7,5,0.007402042282931521,0.008676866181218941,1.1722259681259934
quadratic_decay,11,7,5,0.0064445827740054005,0.007560352831489355,1.1731330167694451
quadratic_decay,12,7,5,0.0069534136430653435,0.00781364044718101,1.1237128766204743
quadratic_decay,13,7,5,0.00671698276116332,0.008059193846470074,1.1998235119892278
quadratic_decay,14,7,5,0.0066685929851122315,0.007583133427156102,1.1371414395938695
quadratic_decay,15,7,5,0.008012771189613813,0.010159799156225632,1.2679507396136316
quadratic_decay,0,8,5,0.006459156529864864,0.00760633946056162,1.1776056866546871
quadratic_decay,1,8,5,0.007380885737187684,0.008355828662408167,1.1320902341447114
quadratic_decay,2,8,5,0.006102086683312014,0.007445087262305085,1.2200887415555581
quadratic_decay,3,8,5,0.006795344101848864,0.007476468907905885,1.1002340419923256
quadratic_decay,4,8,5,0.006092893821751712,0.007048146945778587,1.156781514986624
quadratic_decay,5,8,5,0.008537949196188775,0.010522301738609888,1.2324155949893567
quadratic_decay,6,8,5,0.006514016908852651,0.008062193895949478,1.2376685551725894
quadratic_decay,7,8,5,0.006814819148766454,0.008228501576845524,1.207442398282126
quadratic_decay,8,8,5,0.008031883088242785,0.009358467679884455,1.1651648283555756
quadratic_decay,9,8,5,0.008043666967125458,0.008840133507662435,1.099017841463619
quadratic_decay,10,8,5,0.007327431988922789,0.008167249780454544,1.1146128401875781
quadratic_decay,11,8,5,0.007233016990503871,0.00854950302600883,1.1820106377785862
quadratic_decay,12,8,5,0.008147126736879853,0.009025745298976805,1.1078439786777443
quadratic_decay,13,8,5,0.006989346252759593,0.007976987622168523,1.1413066878778513
quadratic_decay,14,8,5,0.006787109017954186,0.00782611173955122,1.1530847255950247
quadratic_decay,15,8,5,0.0072221001058667515,0.007915907446245953,1.0960672560901779
quadratic_decay,0,9,5,0.006330810046130682,0.007017550448127297,1.1084759133495632
quadratic_decay,1,9,5,0.007400803417122249,0.009087854259234468,1.2279550944711104
quadratic_decay,2,9,5,0.008510425511727532,0.009300286842456887,1.0928110268565197
quadratic_decay,3,9,5,0.00757261763867064,0.008500603492252816,1.1225449240753005
quadratic_decay,4,9,5,0.007873133671617577,0.009169293064999228,1.164630685498745
quadratic_decay,5,9,5,0.007222661836086665,0.009209167640109657,1.2750379083370331
quadratic_decay,6,9,5,0.008962155085786605,0.010028548393989029,1.1189884908255665
quadratic_decay,7,9,5,0.006892260521051728,0.007710973563250683,1.1187873034831284
quadratic_decay,8,9,5,0.006856626404717699,0.007745287360372577,1.129606150780424
quadratic_decay,9,9,5,0.006825721399641999,0.007993463790484873,1.1710797031511015
quadratic_decay,10,9,5,0.0073940366283046345,0.008552587340408079,1.1566871751308982
quadratic_decay,11,9,5,0.00798327081314735,0.009698562073772711,1.2148607132054836
quadratic_decay,12,9,5,0.007790222545552715,0.008587662380640031,1.102364191834617
quadratic_decay,13,9,5,0.006298048835259669,0.00741521938586615,1.1773835960674033
quadratic_decay,14,9,5,0.0074800262365044305,0.00861669430479686,1.151960438687394
quadratic_decay,15,9,5,0.00769047396841476,0.00896961606476123,1.166328122505841
quadratic_decay,0,10,5,0.008066187029252513,0.009706343030987288,1.203337214446758
quadratic_decay,1,10,5,0.0067666190313927935,0.007483830115578673,1.1059925319954438
quadratic_decay,2,10,5,0.0075364458284259556,0.008278114898508339,1.0984109866861853
quadratic_decay,3,10,5,0.006794852415488592,0.007168758223585802,1.0550278041720091
quadratic_decay,4,10,5,0.006553092559689739,0.007427518442156511,1.1334371328501687
quadratic_decay,5,10,5,0.00862494227393821,0.009374026742743841,1.0868509544775877
quadratic_decay,6,10,5,0.008509924865283387,0.010856114338241388,1.275700374574326
quadratic_decay,7,10,5,0.0070746187778016455,0.008008041450895512,1.131939642602752
quadratic_decay,8,10,5,0.007169920551049341,0.008138195175675109,1.1350467718200947
quadratic_decay,9,10,5,0.007225147367427716,0.008090819568596206,1.1198137777882702
quadratic_decay,10,10,5,0.007597215649501567,0.0083324755452848,1.0967801797006345
quadratic_decay,11,10,5,0.007953610215168647,0.00879013168284772,1.1051750645365686
quadratic_decay,12,10,5,0.006898769681160732,0.008049978572958319,1.1668716227679445
quadratic_decay,13,10,5,0.007639313199716708,0.008230566895264116,1.0773961847210733
quadratic_decay,14,10,5,0.008042669357312439,0.009072206057662222,1.1280093280738592
quadratic_decay,15,10,5,0.007048078982374387,0.007693428359229672,1.091563868462478
