family,trial,p,det_error,rnd_error,error_ratio
nearly_low_rank,0,0,0.04988851726615326,0.17221679192605158,3.45203267932943
nearly_low_rank,0,1,0.04988851726615326,0.13563081150997536,2.7186779431906216
nearly_low_rank,0,2,0.04988851726615326,0.12054792026427025,2.416346022495555
nearly_low_rank,0,3,0.04988851726615326,0.0908569479062547,1.8211996043405438
nearly_low_rank,0,4,0.04988851726615326,0.09124086420330019,1.8288950885538209
nearly_low_rank,0,5,0.04988851726615326,0.07376581055372544,1.4786130074820178
nearly_low_rank,0,7,0.04988851726615326,0.07012991993339956,1.4057326971507136
nearly_low_rank,0,10,0.04988851726615326,0.06277474336399565,1.2583004427470732
nearly_low_rank,0,15,0.04988851726615326,0.05983090198469911,1.1992920468151744
nearly_low_rank,0,20,0.04988851726615326,0.056633691705974924,1.1352049491436362
nearly_low_rank,0,25,0.04988851726615326,0.05443821126256006,1.091197218232291
nearly_low_rank,1,0,0.04989335040694775,0.3202413628661234,6.418517903771184
nearly_low_rank,1,1,0.04989335040694775,0.260709216953742,5.22532992527673
nearly_low_rank,1,2,0.04989335040694775,0.12983712499528494,2.6022931700574845
nearly_low_rank,1,3,0.04989335040694775,0.10117871620944917,2.0278998179957832
nearly_low_rank,1,4,0.04989335040694775,0.09469572288626323,1.897962796923669
nearly_low_rank,1,5,0.04989335040694775,0.07697629925645888,1.5428168008083853
nearly_low_rank,1,7,0.04989335040694775,0.07478323744113015,1.4988618088617363
nearly_low_rank,1,10,0.04989335040694775,0.06226374978503301,1.2479368348124134
nearly_low_rank,1,15,0.04989335040694775,0.05836072914216732,1.1697095638227668
nearly_low_rank,1,20,0.04989335040694775,0.0564784265725371,1.1319830420663104
nearly_low_rank,1,25,0.04989335040694775,0.054386719792579384,1.0900594838587132
nearly_low_rank,2,0,0.04989170195843068,0.19938238742157524,3.9963035854679574
nearly_low_rank,2,1,0.04989170195843068,0.20022456042433526,4.013183606988605
nearly_low_rank,2,2,0.04989170195843068,0.2082276990225127,4.173593821193075
nearly_low_rank,2,3,0.04989170195843068,0.0952266451400842,1.908667000765502
nearly_low_rank,2,4,0.04989170195843068,0.07689351924848123,1.5412085823920825
nearly_low_rank,2,5,0.04989170195843068,0.09960628158210856,1.996449863849095
nearly_low_rank,2,7,0.04989170195843068,0.07052070356380176,1.4134756040705723
nearly_low_rank,2,10,0.04989170195843068,0.061276765070389844,1.2281955248078147
nearly_low_rank,2,15,0.04989170195843068,0.058138626200508,1.1652965106090905
nearly_low_rank,2,20,0.04989170195843068,0.05578926707542424,1.118207334797024
nearly_low_rank,2,25,0.04989170195843068,0.05447516143783751,1.0918681724513173
nearly_low_rank,3,0,0.0498929332819335,0.28217822356223604,5.655675162807361
nearly_low_rank,3,1,0.0498929332819335,0.17781361455582198,3.5639038007855364
nearly_low_rank,3,2,0.0498929332819335,0.12114820938338955,2.4281636980293153
nearly_low_rank,3,3,0.0498929332819335,0.11235749864506357,2.251972198350359
nearly_low_rank,3,4,0.0498929332819335,0.08690608336927051,1.7418515539702628
nearly_low_rank,3,5,0.0498929332819335,0.08662122727177757,1.7361422063982672
nearly_low_rank,3,7,0.0498929332819335,0.07274754295091122,1.458073081007917
nearly_low_rank,3,10,0.0498929332819335,0.06175911068169702,1.2378328276012653
nearly_low_rank,3,15,0.0498929332819335,0.057497481212129324,1.1524173350807874
nearly_low_rank,3,20,0.0498929332819335,0.05669737348100285,1.1363808409623668
nearly_low_rank,3,25,0.0498929332819335,0.054698854315760416,1.0963246840323009
nearly_low_rank,4,0,0.049886017056090026,0.19372122048172555,3.8832769564247323
nearly_low_rank,4,1,0.049886017056090026,0.13532263213562898,2.712636528658464
nearly_low_rank,4,2,0.049886017056090026,0.13280351030629511,2.662138974874977
nearly_low_rank,4,3,0.049886017056090026,0.09698750979635457,1.9441822682958498
nearly_low_rank,4,4,0.049886017056090026,0.08735120218194851,1.7510157622672902
nearly_low_rank,4,5,0.049886017056090026,0.07247023138403051,1.452716325349198
nearly_low_rank,4,7,0.049886017056090026,0.06877882817259327,1.3787195737687548
nearly_low_rank,4,10,0.049886017056090026,0.061284053906379296,1.228481597107136
nearly_low_rank,4,15,0.049886017056090026,0.06014181136848221,1.2055845488899413
nearly_low_rank,4,20,0.049886017056090026,0.054780476331577795,1.0981128493378138
nearly_low_rank,4,25,0.049886017056090026,0.0551250278075324,1.1050196239469634
nearly_low_rank,5,0,0.04988632221934754,0.28183199790111585,5.649484374933782
nearly_low_rank,5,1,0.04988632221934754,0.26866469823752337,5.3855382855488685
nearly_low_rank,5,2,0.04988632221934754,0.13605808007725187,2.7273624116648976
nearly_low_rank,5,3,0.04988632221934754,0.08576041906015025,1.7191168890556052
nearly_low_rank,5,4,0.04988632221934754,0.10192639235828085,2.0431731148693597
nearly_low_rank,5,5,0.04988632221934754,0.07213027980061389,1.4458929139626857
nearly_low_rank,5,7,0.04988632221934754,0.07384981924254252,1.4803620703452292
nearly_low_rank,5,10,0.04988632221934754,0.06395935677472349,1.2821020658427686
nearly_low_rank,5,15,0.04988632221934754,0.059653080702872806,1.195780287041032
nearly_low_rank,5,20,0.04988632221934754,0.05768788777528133,1.156386865354209
nearly_low_rank,5,25,0.04988632221934754,0.054343733285805294,1.089351366630291
nearly_low_rank,6,0,0.04988828519709143,0.1601207915640804,3.2095869988615227
nearly_low_rank,6,1,0.04988828519709143,0.1793486385946475,3.5950050775668636
nearly_low_rank,6,2,0.04988828519709143,0.12278834121629348,2.4612660212953608
nearly_low_rank,6,3,0.04988828519709143,0.09434965698772121,1.8912186822012065
nearly_low_rank,6,4,0.04988828519709143,0.08056379127331068,1.6148839543197544
nearly_low_rank,6,5,0.04988828519709143,0.0757601956427656,1.518596907940675
nearly_low_rank,6,7,0.04988828519709143,0.0715143652251328,1.4334901458850344
nearly_low_rank,6,10,0.04988828519709143,0.06450203803723388,1.2929295481375747
nearly_low_rank,6,15,0.04988828519709143,0.05761815965385445,1.1549436791869063
nearly_low_rank,6,20,0.04988828519709143,0.058079230434323365,1.1641857443059493
nearly_low_rank,6,25,0.04988828519709143,0.054777068788362394,1.0979946208204403
nearly_low_rank,7,0,0.04988642985324532,0.1897976402145819,3.8045945715683396
nearly_low_rank,7,1,0.04988642985324532,0.1907838770654324,3.8243642134078497
nearly_low_rank,7,2,0.04988642985324532,0.10494098368838504,2.10359779196663
nearly_low_rank,7,3,0.04988642985324532,0.09248823993525823,1.8539759250629455
nearly_low_rank,7,4,0.04988642985324532,0.07939339384143577,1.5914827754760827
nearly_low_rank,7,5,0.04988642985324532,0.07120305188927306,1.4273030180499278
nearly_low_rank,7,7,0.04988642985324532,0.06717820743013667,1.3466228717460815
nearly_low_rank,7,10,0.04988642985324532,0.06473998129968132,1.2977473330950284
nearly_low_rank,7,15,0.04988642985324532,0.060008977755847875,1.2029118526296796
nearly_low_rank,7,20,0.04988642985324532,0.05663001139266295,1.135178676029849
nearly_low_rank,7,25,0.04988642985324532,0.05512185547474225,1.1049468891018737
nearly_low_rank,8,0,0.049892542724825066,0.30604532163130116,6.134089483457454
nearly_low_rank,8,1,0.049892542724825066,0.17454527220787142,3.4984240665092985
nearly_low_rank,8,2,0.049892542724825066,0.12358213073300595,2.4769659749474964
nearly_low_rank,8,3,0.049892542724825066,0.10143726117785307,2.033114682835775
nearly_low_rank,8,4,0.049892542724825066,0.07807438340718886,1.5648507601185324
nearly_low_rank,8,5,0.049892542724825066,0.0716205370262806,1.4354958299338054
nearly_low_rank,8,7,0.049892542724825066,0.07754258139329634,1.554191812210714
nearly_low_rank,8,10,0.049892542724825066,0.06285972293133292,1.2599021717138454
nearly_low_rank,8,15,0.049892542724825066,0.059526504048037554,1.1930942140260754
nearly_low_rank,8,20,0.049892542724825066,0.056954763389870454,1.1415486218851587
nearly_low_rank,8,25,0.049892542724825066,0.05470143523256537,1.096384995534564
nearly_low_rank,9,0,0.04988991652401599,0.32645093716968804,6.543425203217993
nearly_low_rank,9,1,0.04988991652401599,0.17308098900766905,3.46925793961494
nearly_low_rank,9,2,0.04988991652401599,0.21146995597097573,4.238731405156359
nearly_low_rank,9,3,0.04988991652401599,0.09890534418119663,1.9824716309875086
nearly_low_rank,9,4,0.04988991652401599,0.08702862564345132,1.7444131340960956
nearly_low_rank,9,5,0.04988991652401599,0.07442455608201376,1.4917755183291856
nearly_low_rank,9,7,0.04988991652401599,0.0704056900900026,1.4112208437172014
nearly_low_rank,9,10,0.04988991652401599,0.06577306802798337,1.318363962311333
nearly_low_rank,9,15,0.04988991652401599,0.05940050844793405,1.1906315461429937
nearly_low_rank,9,20,0.04988991652401599,0.05760016196747232,1.1545451662510755
nearly_low_rank,9,25,0.04988991652401599,0.05492424189561967,1.1009086749860617
nearly_low_rank,10,0,0.04988936211290221,0.3270372759715152,6.555250701169779
nearly_low_rank,10,1,0.04988936211290221,0.16362979337167025,3.279853388411092
nearly_low_rank,10,2,0.04988936211290221,0.1263342007807171,2.5322873540618995
nearly_low_rank,10,3,0.04988936211290221,0.11928879078650298,2.3910666670090164
nearly_low_rank,10,4,0.04988936211290221,0.08325690425589223,1.668830803398078
nearly_low_rank,10,5,0.04988936211290221,0.07631665692843556,1.5297180339914351
nearly_low_rank,10,7,0.04988936211290221,0.06763975580589245,1.355795162359867
nearly_low_rank,10,10,0.04988936211290221,0.06398543439505695,1.2825466529368446
nearly_low_rank,10,15,0.04988936211290221,0.059324553898010064,1.189122317574547
nearly_low_rank,10,20,0.04988936211290221,0.05545061949744201,1.1114718077965076
nearly_low_rank,10,25,0.04988936211290221,0.055276392181022656,1.1079795339120455
nearly_low_rank,11,0,0.04989022638810989,0.2067110432323061,4.14331740297676
nearly_low_rank,11,1,0.04989022638810989,0.14643703736402,2.935184864162486
nearly_low_rank,11,2,0.04989022638810989,0.09775950445523296,1.9594920996095448
nearly_low_rank,11,3,0.04989022638810989,0.1012100858963397,2.028655574921597
nearly_low_rank,11,4,0.04989022638810989,0.08650213631428728,1.7338493443858765
nearly_low_rank,11,5,0.04989022638810989,0.07017417674555662,1.4065716238618013
nearly_low_rank,11,7,0.04989022638810989,0.07157121672362052,1.434573901646551
nearly_low_rank,11,10,0.04989022638810989,0.06054911555578858,1.2136468390574187
nearly_low_rank,11,15,0.04989022638810989,0.05762790383584408,1.1550940536437069
nearly_low_rank,11,20,0.04989022638810989,0.056369888241641714,1.1298783814514037
nearly_low_rank,11,25,0.04989022638810989,0.0547549016803828,1.0975075810325905
nearly_low_rank,12,0,0.049892609474989205,0.3236924456660097,6.487783442721598
nearly_low_rank,12,1,0.049892609474989205,0.15092357944352958,3.024968648296226
nearly_low_rank,12,2,0.049892609474989205,0.12228077387891553,2.450879502308132
nearly_low_rank,12,3,0.049892609474989205,0.10388070352552702,2.082085996676555
nearly_low_rank,12,4,0.049892609474989205,0.08789074343511737,1.7615984483468707
nearly_low_rank,12,5,0.049892609474989205,0.08129016339777274,1.6293027014055639
nearly_low_rank,12,7,0.049892609474989205,0.06629608016500371,1.3287755614032866
nearly_low_rank,12,10,0.049892609474989205,0.06457690982605996,1.294318146627145
nearly_low_rank,12,15,0.049892609474989205,0.05872594176567224,1.1770469090238929
nearly_low_rank,12,20,0.049892609474989205,0.05513824265162103,1.1051384810662475
nearly_low_rank,12,25,0.049892609474989205,0.056071328531870274,1.1238403667777372
nearly_low_rank,13,0,0.04988907063944692,0.24076480292909955,4.8260029670452225
nearly_low_rank,13,1,0.04988907063944692,0.11673476610172841,2.3398865644417737
nearly_low_rank,13,2,0.04988907063944692,0.11815593171530833,2.368373076524767
nearly_low_rank,13,3,0.04988907063944692,0.08947755473167616,1.7935301977929996
nearly_low_rank,13,4,0.04988907063944692,0.0872419655810595,1.748718997224172
nearly_low_rank,13,5,0.04988907063944692,0.07735021279342505,1.5504440512119864
nearly_low_rank,13,7,0.04988907063944692,0.07513901029616761,1.5061216681947118
nearly_low_rank,13,10,0.04988907063944692,0.06381683360084113,1.2791746324971953
nearly_low_rank,13,15,0.04988907063944692,0.057704841617707094,1.1566629900714227
nearly_low_rank,13,20,0.04988907063944692,0.05711712486642299,1.1448825190433773
nearly_low_rank,13,25,0.04988907063944692,0.05418420446659224,1.086093682886712
nearly_low_rank,14,0,0.04989103288037363,0.20584432623329874,4.125878225990281
nearly_low_rank,14,1,0.04989103288037363,0.17850944038720107,3.5779864653277995
nearly_low_rank,14,2,0.04989103288037363,0.1641608142574775,3.290387165386906
nearly_low_rank,14,3,0.04989103288037363,0.09527092858725071,1.909580200828611
nearly_low_rank,14,4,0.04989103288037363,0.08920454161543977,1.7879874691977258
nearly_low_rank,14,5,0.04989103288037363,0.10373914196228735,2.0793143772154044
nearly_low_rank,14,7,0.04989103288037363,0.0788247602684818,1.5799384321724528
nearly_low_rank,14,10,0.04989103288037363,0.06475739622171975,1.297976659994031
nearly_low_rank,14,15,0.04989103288037363,0.059897463842776055,1.2005657206254954
nearly_low_rank,14,20,0.04989103288037363,0.056953938022595116,1.141566624991641
nearly_low_rank,14,25,0.04989103288037363,0.054555792675036144,1.0934989621451103
nearly_low_rank,15,0,0.04988703157696746,0.3132073542593941,6.278332150834969
nearly_low_rank,15,1,0.04988703157696746,0.14381581263759824,2.882829627088839
nearly_low_rank,15,2,0.04988703157696746,0.11701120335502589,2.3455234688497533
nearly_low_rank,15,3,0.04988703157696746,0.09707771038263847,1.945950827578578
nearly_low_rank,15,4,0.04988703157696746,0.11457040791355333,2.296597017138414
nearly_low_rank,15,5,0.04988703157696746,0.08792685701591922,1.762519320883276
nearly_low_rank,15,7,0.04988703157696746,0.0712768580993957,1.4287652691747608
nearly_low_rank,15,10,0.04988703157696746,0.0636066896451668,1.2750145204978207
nearly_low_rank,15,15,0.04988703157696746,0.05959263579438197,1.1945516482062148
nearly_low_rank,15,20,0.04988703157696746,0.05607288398038127,1.1239972034389352
nearly_low_rank,15,25,0.04988703157696746,0.0549101707562695,1.1006902800290326
quadratic_decay,0,0,0.006819785090651417,0.017468384030332244,2.561427346776361
quadratic_decay,0,1,0.006819785090651417,0.014616546987510862,2.143256245354017
quadratic_decay,0,2,0.006819785090651417,0.015668950300491518,2.2975724443238783
quadratic_decay,0,3,0.006819785090651417,0.009734721051133686,1.4274234336911984
quadratic_decay,0,4,0.006819785090651417,0.0095583177866693,1.4015570372990012
quadratic_decay,0,5,0.006819785090651417,0.0076657539011962626,1.1240462564875398
quadratic_decay,0,7,0.006819785090651417,0.007011325603314124,1.0280860041946587
quadratic_decay,0,10,0.006819785090651417,0.0068197850906514205,1.0000000000000004
quadratic_decay,0,15,0.006819785090651417,0.006819785090651415,0.9999999999999998
quadratic_decay,0,20,0.006819785090651417,0.006819785090651417,1.0
quadratic_decay,0,25,0.006819785090651417,0.006819785090651415,0.9999999999999998
quadratic_decay,1,0,0.00838285151025203,0.021122327532728958,2.5197067497732544
quadratic_decay,1,1,0.00838285151025203,0.014717359631698625,1.75565076080611
quadratic_decay,1,2,0.00838285151025203,0.012046567484066045,1.4370488931282366
quadratic_decay,1,3,0.00838285151025203,0.013721130443769304,1.6368094349504683
quadratic_decay,1,4,0.00838285151025203,0.01086121508946385,1.2956468423878007
quadratic_decay,1,5,0.00838285151025203,0.009444819673105547,1.126683403798189
quadratic_decay,1,7,0.00838285151025203,0.008588745517442802,1.0245613329711218
quadratic_decay,1,10,0.00838285151025203,0.008382851510252025,0.9999999999999993
quadratic_decay,1,15,0.00838285151025203,0.008382851510252032,1.0000000000000002
quadratic_decay,1,20,0.00838285151025203,0.008382851510252027,0.9999999999999996
quadratic_decay,1,25,0.00838285151025203,0.008382851510252028,0.9999999999999998
quadratic_decay,2,0,0.007268481910052138,0.021273220792570595,2.9267763276882115
quadratic_decay,2,1,0.007268481910052138,0.01651342395872156,2.271922000092466
quadratic_decay,2,2,0.007268481910052138,0.010962332256715956,1.5082010786262412
quadratic_decay,2,3,0.007268481910052138,0.009488008147612052,1.3053631095222733
quadratic_decay,2,4,0.007268481910052138,0.009470769858433379,1.3029914603399546
quadratic_decay,2,5,0.007268481910052138,0.007827801550928692,1.0769513700107072
quadratic_decay,2,7,0.007268481910052138,0.007805312715206887,1.0738573490032801
quadratic_decay,2,10,0.007268481910052138,0.007268481910052133,0.9999999999999993
quadratic_decay,2,15,0.007268481910052138,0.007268481910052135,0.9999999999999996
quadratic_decay,2,20,0.007268481910052138,0.00726848191005214,1.0000000000000002
quadratic_decay,2,25,0.007268481910052138,0.007268481910052137,0.9999999999999999
quadratic_decay,3,0,0.007007775560504476,0.016203722773644118,2.312249105831472
quadratic_decay,3,1,0.007007775560504476,0.021828422866869188,3.114886125904666
quadratic_decay,3,2,0.007007775560504476,0.011865203974739277,1.6931483995593495
quadratic_decay,3,3,0.007007775560504476,0.010954507346608671,1.5631932347188466
quadratic_decay,3,4,0.007007775560504476,0.00944087097398162,1.3471993919425682
quadratic_decay,3,5,0.007007775560504476,0.008004940119615717,1.1422940204779413
quadratic_decay,3,7,0.007007775560504476,0.007624813833306661,1.0880505186666916
quadratic_decay,3,10,0.007007775560504476,0.007007775560504481,1.0000000000000007
quadratic_decay,3,15,0.007007775560504476,0.007007775560504479,1.0000000000000004
quadratic_decay,3,20,0.007007775560504476,0.007007775560504476,1.0
quadratic_decay,3,25,0.007007775560504476,0.007007775560504478,1.0000000000000002
quadratic_decay,4,0,0.006970940274296522,0.017276941688713656,2.4784234276712653
quadratic_decay,4,1,0.006970940274296522,0.01203105962194273,1.7258876347433423
quadratic_decay,4,2,0.006970940274296522,0.011545863437534642,1.656284946251358
quadratic_decay,4,3,0.006970940274296522,0.009220493888985918,1.322704474026843
quadratic_decay,4,4,0.006970940274296522,0.009072750002801997,1.3015102189664909
quadratic_decay,4,5,0.006970940274296522,0.007499758496892637,1.075860386373699
quadratic_decay,4,7,0.006970940274296522,0.007258839940327356,1.0412999760007107
quadratic_decay,4,10,0.006970940274296522,0.006970940274296526,1.0000000000000004
quadratic_decay,4,15,0.006970940274296522,0.006970940274296523,1.0000000000000002
quadratic_decay,4,20,0.006970940274296522,0.006970940274296518,0.9999999999999993
quadratic_decay,4,25,0.006970940274296522,0.006970940274296521,0.9999999999999999
quadratic_decay,5,0,0.008072935911990412,0.020576499957705316,2.548824886265213
quadratic_decay,5,1,0.008072935911990412,0.017497041686841096,2.1673703194959635
quadratic_decay,5,2,0.008072935911990412,0.015913433230610702,1.9712076751377539
quadratic_decay,5,3,0.008072935911990412,0.011370441840018914,1.4084642766866076
quadratic_decay,5,4,0.008072935911990412,0.011242072265556692,1.3925630511768696
quadratic_decay,5,5,0.008072935911990412,0.009024324643918767,1.117849161977775
quadratic_decay,5,7,0.008072935911990412,0.00837487047514737,1.0374008373717556
quadratic_decay,5,10,0.008072935911990412,0.008072935911990412,1.0
quadratic_decay,5,15,0.008072935911990412,0.008072935911990414,1.0000000000000002
quadratic_decay,5,20,0.008072935911990412,0.008072935911990414,1.0000000000000002
quadratic_decay,5,25,0.008072935911990412,0.008072935911990412,1.0
quadratic_decay,6,0,0.009839124094262703,0.02167437484208453,2.2028764587615157
quadratic_decay,6,1,0.009839124094262703,0.019193936735573024,1.9507769748290105
quadratic_decay,6,2,0.009839124094262703,0.018238611431281308,1.8536824270685268
quadratic_decay,6,3,0.009839124094262703,0.011995854710970765,1.2191994527201537
quadratic_decay,6,4,0.009839124094262703,0.0115875171427158,1.1776980381284756
quadratic_decay,6,5,0.009839124094262703,0.010782030082931965,1.0958323098312257
quadratic_decay,6,7,0.009839124094262703,0.010028831219198401,1.0192808956486603
quadratic_decay,6,10,0.009839124094262703,0.009839124094262705,1.0000000000000002
quadratic_decay,6,15,0.009839124094262703,0.009839124094262706,1.0000000000000004
quadratic_decay,6,20,0.009839124094262703,0.009839124094262703,1.0
quadratic_decay,6,25,0.009839124094262703,0.009839124094262703,1.0
quadratic_decay,7,0,0.008487825751808377,0.022568198854519203,2.6588904525650667
quadratic_decay,7,1,0.008487825751808377,0.01738196452148232,2.0478700941497294
quadratic_decay,7,2,0.008487825751808377,0.012110020275493235,1.4267517535822563
quadratic_decay,7,3,0.008487825751808377,0.012604546851726428,1.4850147988771991
quadratic_decay,7,4,0.008487825751808377,0.009752160364350735,1.148958596643314
quadratic_decay,7,5,0.008487825751808377,0.009011102365410495,1.0616502540112385
quadratic_decay,7,7,0.008487825751808377,0.00867856549147228,1.0224721554425484
quadratic_decay,7,10,0.008487825751808377,0.008487825751808465,1.0000000000000104
quadratic_decay,7,15,0.008487825751808377,0.008487825751808379,1.0000000000000002
quadratic_decay,7,20,0.008487825751808377,0.008487825751808384,1.0000000000000009
quadratic_decay,7,25,0.008487825751808377,0.008487825751808382,1.0000000000000007
quadratic_decay,8,0,0.0069409802731264444,0.01856751232166488,2.675056201146854
quadratic_decay,8,1,0.0069409802731264444,0.013438704021220988,1.9361392040331726
quadratic_decay,8,2,0.0069409802731264444,0.013088481666564983,1.8856820148646674
quadratic_decay,8,3,0.0069409802731264444,0.009935837986807609,1.4314747479223395
quadratic_decay,8,4,0.0069409802731264444,0.009266113062686522,1.3349862264502248
quadratic_decay,8,5,0.0069409802731264444,0.008009907082013672,1.1540022830818029
quadratic_decay,8,7,0.0069409802731264444,0.007219715893873244,1.040157961812107
quadratic_decay,8,10,0.0069409802731264444,0.006940980273126444,0.9999999999999999
quadratic_decay,8,15,0.0069409802731264444,0.006940980273126449,1.0000000000000007
quadratic_decay,8,20,0.0069409802731264444,0.006940980273126441,0.9999999999999994
quadratic_decay,8,25,0.0069409802731264444,0.0069409802731264444,1.0
quadratic_decay,9,0,0.006798636128428951,0.01884364794206744,2.771680611537874
quadratic_decay,9,1,0.006798636128428951,0.012087872314561574,1.777984890824695
quadratic_decay,9,2,0.006798636128428951,0.010252376456122935,1.5080048795745868
quadratic_decay,9,3,0.006798636128428951,0.008828211300834518,1.2985268124468028
quadratic_decay,9,4,0.006798636128428951,0.008202659331028261,1.2065154210457438
quadratic_decay,9,5,0.006798636128428951,0.00808854278104988,1.1897302088616124
quadratic_decay,9,7,0.006798636128428951,0.006959205366029889,1.0236178601954453
quadratic_decay,9,10,0.006798636128428951,0.006798636128428957,1.0000000000000009
quadratic_decay,9,15,0.006798636128428951,0.00679863612842895,0.9999999999999999
quadratic_decay,9,20,0.006798636128428951,0.006798636128428949,0.9999999999999998
quadratic_decay,9,25,0.006798636128428951,0.0067986361284289466,0.9999999999999993
quadratic_decay,10,0,0.0063456124338086475,0.016091646486481943,2.535869729570564
quadratic_decay,10,1,0.0063456124338086475,0.01561925321769107,2.4614256512852246
quadratic_decay,10,2,0.0063456124338086475,0.010207905621751438,1.608655701593902
quadratic_decay,10,3,0.0063456124338086475,0.009934455860393394,1.5655629718991073
quadratic_decay,10,4,0.0063456124338086475,0.007930727392926072,1.24979700157421
quadratic_decay,10,5,0.0063456124338086475,0.007019490349151851,1.1061958829620393
quadratic_decay,10,7,0.0063456124338086475,0.006789005220416983,1.0698739154389565
quadratic_decay,10,10,0.0063456124338086475,0.006345612433808646,0.9999999999999998
quadratic_decay,10,15,0.0063456124338086475,0.006345612433808644,0.9999999999999994
quadratic_decay,10,20,0.0063456124338086475,0.006345612433808644,0.9999999999999994
quadratic_decay,10,25,0.0063456124338086475,0.006345612433808647,0.9999999999999999
quadratic_decay,11,0,0.006994077973937193,0.02090145201649324,2.9884499564318037
quadratic_decay,11,1,0.006994077973937193,0.014074989927467332,2.012415357666375
quadratic_decay,11,2,0.006994077973937193,0.015317195072044187,2.190023492606509
quadratic_decay,11,3,0.006994077973937193,0.011235173436377857,1.6063837832870504
quadratic_decay,11,4,0.006994077973937193,0.01147893424890238,1.6412362418145183
quadratic_decay,11,5,0.006994077973937193,0.00782192993654646,1.118364703066535
quadratic_decay,11,7,0.006994077973937193,0.007267052169686455,1.039029332639195
quadratic_decay,11,10,0.006994077973937193,0.006994077973937175,0.9999999999999976
quadratic_decay,11,15,0.006994077973937193,0.006994077973937194,1.0000000000000002
quadratic_decay,11,20,0.006994077973937193,0.0069940779739371935,1.0000000000000002
quadratic_decay,11,25,0.006994077973937193,0.006994077973937192,0.9999999999999999
quadratic_decay,12,0,0.006781412076274342,0.016607075432600725,2.448911118482646
quadratic_decay,12,1,0.006781412076274342,0.013168255566887858,1.941816161409616
quadratic_decay,12,2,0.006781412076274342,0.010413792509455603,1.535637768701539
quadratic_decay,12,3,0.006781412076274342,0.009197713343947174,1.356312408167405
quadratic_decay,12,4,0.006781412076274342,0.00895960258904516,1.3212001406597165
quadratic_decay,12,5,0.006781412076274342,0.007991656210550532,1.178464915664156
quadratic_decay,12,7,0.006781412076274342,0.006965333848877358,1.0271214564952467
quadratic_decay,12,10,0.006781412076274342,0.00678141207627433,0.9999999999999982
quadratic_decay,12,15,0.006781412076274342,0.006781412076274344,1.0000000000000002
quadratic_decay,12,20,0.006781412076274342,0.006781412076274348,1.0000000000000007
quadratic_decay,12,25,0.006781412076274342,0.006781412076274346,1.0000000000000004
quadratic_decay,13,0,0.006960769517416531,0.015861450029793365,2.2786920311190384
quadratic_decay,13,1,0.006960769517416531,0.01582096150106409,2.2728753568809434
quadratic_decay,13,2,0.006960769517416531,0.011220618024250556,1.6119795370577155
quadratic_decay,13,3,0.006960769517416531,0.00983241329397503,1.4125468842738382
quadratic_decay,13,4,0.006960769517416531,0.008998683232182732,1.2927713250190427
quadratic_decay,13,5,0.006960769517416531,0.007993080703586635,1.1483041757936618
quadratic_decay,13,7,0.006960769517416531,0.007199831746947085,1.0343442242890526
quadratic_decay,13,10,0.006960769517416531,0.006960769517416528,0.9999999999999997
quadratic_decay,13,15,0.006960769517416531,0.00696076951741653,0.9999999999999999
quadratic_decay,13,20,0.006960769517416531,0.006960769517416523,0.9999999999999989
quadratic_decay,13,25,0.006960769517416531,0.0069607695174165275,0.9999999999999996
quadratic_decay,14,0,0.008323503047913827,0.02254413802054433,2.708491591913901
quadratic_decay,14,1,0.008323503047913827,0.01653029470643914,1.9859780925510966
quadratic_decay,14,2,0.008323503047913827,0.01224706920131837,1.4713839991189683
quadratic_decay,14,3,0.008323503047913827,0.013522620606372665,1.6246309430693278
quadratic_decay,14,4,0.008323503047913827,0.010442837014672992,1.254620434997059
quadratic_decay,14,5,0.008323503047913827,0.00908123309183533,1.0910349932666172
quadratic_decay,14,7,0.008323503047913827,0.008617381085336598,1.0353070138535514
quadratic_decay,14,10,0.008323503047913827,0.008323503047913822,0.9999999999999993
quadratic_decay,14,15,0.008323503047913827,0.008323503047913825,0.9999999999999998
quadratic_decay,14,20,0.008323503047913827,0.008323503047913827,1.0
quadratic_decay,14,25,0.008323503047913827,0.008323503047913825,0.9999999999999998
quadratic_decay,15,0,0.008335139883139414,0.01862471238311042,2.2344810818094465
quadratic_decay,15,1,0.008335139883139414,0.015930470221774393,1.911242096128351
quadratic_decay,15,2,0.008335139883139414,0.01143843230843079,1.3723143784987717
quadratic_decay,15,3,0.008335139883139414,0.011153376914525516,1.338115145144345
quadratic_decay,15,4,0.008335139883139414,0.010391993487830879,1.246768936518046
quadratic_decay,15,5,0.008335139883139414,0.009133663524199647,1.0958020683822611
quadratic_decay,15,7,0.008335139883139414,0.00851466223487038,1.0215380130685159
quadratic_decay,15,10,0.008335139883139414,0.008335139883139399,0.9999999999999981
quadratic_decay,15,15,0.008335139883139414,0.008335139883139416,1.0000000000000002
quadratic_decay,15,20,0.008335139883139414,0.008335139883139418,1.0000000000000004
quadratic_decay,15,25,0.008335139883139414,0.008335139883139416,1.0000000000000002
