family,trial,rank,det_error,rnd_error
exponential,0,1,0.6065306010710727,0.606540637848103
exponential,1,1,0.6065306010710729,0.606538021112682
exponential,2,1,0.6065306010710727,0.6065395765790479
exponential,3,1,0.6065306010710726,0.6065310979350169
exponential,4,1,0.6065306010710727,0.6065542320228402
exponential,5,1,0.6065306010710728,0.606533708964569
exponential,6,1,0.6065306010710727,0.6065405163015233
exponential,7,1,0.6065306010710727,0.6065552242209403
exponential,8,1,0.6065306010710729,0.6065403226349865
exponential,9,1,0.6065306010710728,0.6065314510761528
exponential,0,2,0.36787930891993215,0.367885187519372
exponential,1,2,0.3678793089199321,0.36789898581248576
exponential,2,2,0.36787930891993176,0.3679142463619383
exponential,3,2,0.3678793089199322,0.3679268862163019
exponential,4,2,0.367879308919932,0.3678932356720922
exponential,5,2,0.367879308919932,0.3679069108133536
exponential,6,2,0.367879308919932,0.3678928730001055
exponential,7,2,0.36787930891993215,0.36788641233665526
exponential,8,2,0.3678793089199321,0.36792959601448805
exponential,9,2,0.36787930891993215,0.36789640752495917
exponential,0,3,0.22312992052943864,0.2231346989121842
exponential,1,3,0.22312992052943856,0.22314407025769714
exponential,2,3,0.22312992052943875,0.22313156615623098
exponential,3,3,0.22312992052943867,0.22313648714261528
exponential,4,3,0.22312992052943867,0.22313468483115834
exponential,5,3,0.2231299205294387,0.22314056120501644
exponential,6,3,0.22312992052943867,0.22314474267966206
exponential,7,3,0.22312992052943867,0.2231359523787288
exponential,8,3,0.22312992052943878,0.2231977390713222
exponential,9,3,0.2231299205294387,0.2231456829063214
exponential,0,4,0.1353348750865816,0.13534099466311303
exponential,1,4,0.13533487508658162,0.1353450924523715
exponential,2,4,0.13533487508658168,0.13533950112486462
exponential,3,4,0.13533487508658165,0.1353395257755689
exponential,4,4,0.13533487508658165,0.13535275318757686
exponential,5,4,0.1353348750865817,0.13537832917762377
exponential,6,4,0.13533487508658165,0.13534220740625547
exponential,7,4,0.1353348750865817,0.13534465854349245
exponential,8,4,0.13533487508658162,0.13534743432537572
exponential,9,4,0.13533487508658165,0.13536187238050393
exponential,0,5,0.08208431776018009,0.08208558431083815
exponential,1,5,0.08208431776018006,0.08208640208143932
exponential,2,5,0.08208431776018005,0.08208696563148436
exponential,3,5,0.08208431776018008,0.08208529937589709
exponential,4,5,0.08208431776018006,0.08208867257671372
exponential,5,5,0.08208431776018008,0.08216459774078136
exponential,6,5,0.08208431776018006,0.08208727483615362
exponential,7,5,0.08208431776018008,0.08211118925614777
exponential,8,5,0.08208431776018009,0.0820846608769665
exponential,9,5,0.08208431776018012,0.08209041843735519
exponential,0,6,0.04978594099166765,0.04978594099166765
exponential,1,6,0.049785940991667665,0.049785940991667665
exponential,2,6,0.049785940991667665,0.04978594099166767
exponential,3,6,0.04978594099166765,0.04978594099166765
exponential,4,6,0.04978594099166769,0.04978594099166769
exponential,5,6,0.04978594099166767,0.04978594099166767
exponential,6,6,0.04978594099166769,0.049785940991667686
exponential,7,6,0.049785940991667665,0.049785940991667665
exponential,8,6,0.04978594099166767,0.04978594099166767
exponential,9,6,0.049785940991667665,0.049785940991667665
exponential,0,7,0.03019552173726992,0.03019552173726992
exponential,1,7,0.030195521737269925,0.030195521737269925
exponential,2,7,0.030195521737269918,0.030195521737269918
exponential,3,7,0.030195521737269925,0.03019552173726993
exponential,4,7,0.03019552173726994,0.030195521737269942
exponential,5,7,0.030195521737269925,0.03019552173726993
exponential,6,7,0.03019552173726993,0.03019552173726993
exponential,7,7,0.03019552173726992,0.03019552173726992
exponential,8,7,0.030195521737269936,0.030195521737269936
exponential,9,7,0.030195521737269932,0.030195521737269936
exponential,0,8,0.01831256755527412,0.01831256755527412
exponential,1,8,0.018312567555274106,0.01831256755527411
exponential,2,8,0.018312567555274106,0.018312567555274106
exponential,3,8,0.018312567555274117,0.018312567555274117
exponential,4,8,0.01831256755527411,0.01831256755527411
exponential,5,8,0.018312567555274103,0.018312567555274106
exponential,6,8,0.01831256755527411,0.01831256755527411
exponential,7,8,0.018312567555274096,0.0183125675552741
exponential,8,8,0.018312567555274113,0.01831256755527411
exponential,9,8,0.018312567555274113,0.018312567555274113
exponential,0,9,0.01110393096102644,0.011103930961026439
exponential,1,9,0.011103930961026437,0.011103930961026437
exponential,2,9,0.011103930961026444,0.011103930961026444
exponential,3,9,0.011103930961026439,0.011103930961026442
exponential,4,9,0.01110393096102644,0.011103930961026439
exponential,5,9,0.011103930961026435,0.011103930961026433
exponential,6,9,0.011103930961026437,0.011103930961026437
exponential,7,9,0.011103930961026439,0.011103930961026439
exponential,8,9,0.011103930961026442,0.011103930961026442
exponential,9,9,0.011103930961026439,0.011103930961026437
exponential,0,10,0.006729591346002447,0.006729591346002446
exponential,1,10,0.006729591346002447,0.006729591346002447
exponential,2,10,0.006729591346002448,0.006729591346002448
exponential,3,10,0.0067295913460024455,0.006729591346002444
exponential,4,10,0.006729591346002448,0.006729591346002449
exponential,5,10,0.006729591346002449,0.006729591346002449
exponential,6,10,0.006729591346002448,0.006729591346002447
exponential,7,10,0.0067295913460024455,0.0067295913460024455
exponential,8,10,0.006729591346002452,0.006729591346002453
exponential,9,10,0.006729591346002448,0.006729591346002448
exponential,0,11,0.004072980172108779,0.004072980172108779
exponential,1,11,0.004072980172108777,0.004072980172108777
exponential,2,11,0.004072980172108781,0.00407298017210878
exponential,3,11,0.00407298017210878,0.00407298017210878
exponential,4,11,0.00407298017210878,0.00407298017210878
exponential,5,11,0.004072980172108778,0.004072980172108779
exponential,6,11,0.0040729801721087824,0.004072980172108783
exponential,7,11,0.004072980172108776,0.0040729801721087755
exponential,8,11,0.004072980172108782,0.004072980172108781
exponential,9,11,0.004072980172108777,0.004072980172108778
exponential,0,12,0.0024559474459737276,0.0024559474459737267
exponential,1,12,0.0024559474459737276,0.002455947445973728
exponential,2,12,0.0024559474459737267,0.002455947445973728
exponential,3,12,0.002455947445973725,0.0024559474459737263
exponential,4,12,0.0024559474459737284,0.0024559474459737293
exponential,5,12,0.0024559474459737267,0.0024559474459737267
exponential,6,12,0.0024559474459737263,0.0024559474459737263
exponential,7,12,0.0024559474459737263,0.0024559474459737267
exponential,8,12,0.002455947445973727,0.002455947445973727
exponential,9,12,0.0024559474459737276,0.002455947445973728
polynomial,0,1,0.4084370596536663,0.40945057927432993
polynomial,1,1,0.4084370596536662,0.41044909348187414
polynomial,2,1,0.4084370596536661,0.40957110657600876
polynomial,3,1,0.4084370596536661,0.40867849845183624
polynomial,4,1,0.4084370596536661,0.40890232782108565
polynomial,5,1,0.4084370596536662,0.40867881733669287
polynomial,6,1,0.40843705965366633,0.4132022917382961
polynomial,7,1,0.4084370596536662,0.4106221386779685
polynomial,8,1,0.40843705965366633,0.4089099054054614
polynomial,9,1,0.4084370596536661,0.4090491824216037
polynomial,0,2,0.25034663101557597,0.2506520951322988
polynomial,1,2,0.25034663101557614,0.25080323676933974
polynomial,2,2,0.25034663101557597,0.25177712285574466
polynomial,3,2,0.25034663101557586,0.25130282959028843
polynomial,4,2,0.250346631015576,0.25357851547893195
polynomial,5,2,0.25034663101557597,0.25142012710397094
polynomial,6,2,0.2503466310155759,0.2521540169804477
polynomial,7,2,0.2503466310155761,0.2510769262202801
polynomial,8,2,0.2503466310155761,0.25166991655129756
polynomial,9,2,0.25034663101557597,0.25130978927813363
polynomial,0,3,0.17836745203646276,0.18386587503819074
polynomial,1,3,0.1783674520364627,0.1812392184172142
polynomial,2,3,0.17836745203646273,0.17935480147455135
polynomial,3,3,0.1783674520364627,0.181282099684701
polynomial,4,3,0.17836745203646273,0.18053966921574044
polynomial,5,3,0.1783674520364627,0.17972660400253326
polynomial,6,3,0.1783674520364627,0.17867228762811557
polynomial,7,3,0.17836745203646276,0.17894874191435947
polynomial,8,3,0.17836745203646273,0.1787913611749038
polynomial,9,3,0.17836745203646273,0.1800893600001985
polynomial,0,4,0.13710041371662374,0.1386624168502213
polynomial,1,4,0.13710041371662382,0.13931251590967736
polynomial,2,4,0.13710041371662368,0.13952000876228524
polynomial,3,4,0.13710041371662368,0.13819027659355457
polynomial,4,4,0.13710041371662382,0.1408916468583751
polynomial,5,4,0.13710041371662368,0.14011979363163593
polynomial,6,4,0.13710041371662374,0.13756505012415718
polynomial,7,4,0.13710041371662368,0.13923959404767686
polynomial,8,4,0.13710041371662368,0.1395013151025633
polynomial,9,4,0.13710041371662374,0.13847678753113235
polynomial,0,5,0.11014122795237788,0.11106867561994006
polynomial,1,5,0.11014122795237785,0.11139732232968273
polynomial,2,5,0.11014122795237782,0.11025539326814013
polynomial,3,5,0.11014122795237787,0.11353207140694792
polynomial,4,5,0.1101412279523778,0.11084508424589926
polynomial,5,5,0.1101412279523778,0.110724825119683
polynomial,6,5,0.11014122795237782,0.11150121616523226
polynomial,7,5,0.1101412279523778,0.1126801214361573
polynomial,8,5,0.11014122795237782,0.12036362983614388
polynomial,9,5,0.11014122795237787,0.110684714804805
polynomial,0,6,0.09096031624010002,0.09096031624010002
polynomial,1,6,0.0909603162401,0.09096031624010001
polynomial,2,6,0.09096031624010002,0.09096031624010004
polynomial,3,6,0.09096031624010001,0.09096031624010001
polynomial,4,6,0.09096031624010001,0.0909603162401
polynomial,5,6,0.0909603162401,0.09096031624010001
polynomial,6,6,0.09096031624010005,0.09096031624010005
polynomial,7,6,0.09096031624010006,0.09096031624010006
polynomial,8,6,0.09096031624010001,0.09096031624010001
polynomial,9,6,0.09096031624010004,0.09096031624010004
polynomial,0,7,0.07645054182517956,0.07645054182517956
polynomial,1,7,0.07645054182517959,0.07645054182517957
polynomial,2,7,0.07645054182517956,0.07645054182517956
polynomial,3,7,0.07645054182517959,0.07645054182517959
polynomial,4,7,0.07645054182517955,0.07645054182517955
polynomial,5,7,0.07645054182517953,0.07645054182517953
polynomial,6,7,0.07645054182517955,0.07645054182517953
polynomial,7,7,0.07645054182517955,0.07645054182517955
polynomial,8,7,0.07645054182517959,0.07645054182517959
polynomial,9,7,0.07645054182517962,0.07645054182517962
polynomial,0,8,0.06494137573438623,0.06494137573438623
polynomial,1,8,0.06494137573438621,0.06494137573438623
polynomial,2,8,0.06494137573438623,0.06494137573438623
polynomial,3,8,0.06494137573438621,0.06494137573438621
polynomial,4,8,0.06494137573438621,0.06494137573438621
polynomial,5,8,0.0649413757343862,0.0649413757343862
polynomial,6,8,0.0649413757343862,0.0649413757343862
polynomial,7,8,0.06494137573438623,0.06494137573438621
polynomial,8,8,0.06494137573438619,0.06494137573438619
polynomial,9,8,0.06494137573438621,0.06494137573438621
polynomial,0,9,0.05544795153900786,0.05544795153900787
polynomial,1,9,0.05544795153900788,0.05544795153900788
polynomial,2,9,0.05544795153900785,0.05544795153900785
polynomial,3,9,0.05544795153900784,0.05544795153900784
polynomial,4,9,0.05544795153900786,0.05544795153900786
polynomial,5,9,0.05544795153900787,0.05544795153900787
polynomial,6,9,0.05544795153900787,0.05544795153900787
polynomial,7,9,0.055447951539007875,0.05544795153900788
polynomial,8,9,0.05544795153900786,0.055447951539007855
polynomial,9,9,0.055447951539007875,0.05544795153900788
polynomial,0,10,0.0473423294903271,0.04734232949032711
polynomial,1,10,0.04734232949032713,0.04734232949032713
polynomial,2,10,0.047342329490327115,0.047342329490327115
polynomial,3,10,0.047342329490327115,0.04734232949032712
polynomial,4,10,0.047342329490327094,0.047342329490327094
polynomial,5,10,0.04734232949032711,0.04734232949032711
polynomial,6,10,0.047342329490327135,0.04734232949032714
polynomial,7,10,0.047342329490327135,0.04734232949032713
polynomial,8,10,0.04734232949032712,0.04734232949032712
polynomial,9,10,0.04734232949032712,0.04734232949032712
polynomial,0,11,0.04019099800481368,0.04019099800481368
polynomial,1,11,0.04019099800481369,0.04019099800481369
polynomial,2,11,0.04019099800481369,0.04019099800481368
polynomial,3,11,0.04019099800481371,0.040190998004813704
polynomial,4,11,0.04019099800481367,0.040190998004813676
polynomial,5,11,0.04019099800481368,0.040190998004813676
polynomial,6,11,0.04019099800481368,0.04019099800481368
polynomial,7,11,0.04019099800481369,0.04019099800481368
polynomial,8,11,0.0401909980048137,0.0401909980048137
polynomial,9,11,0.04019099800481371,0.04019099800481372
polynomial,0,12,0.033662329837343526,0.033662329837343526
polynomial,1,12,0.033662329837343505,0.033662329837343505
polynomial,2,12,0.0336623298373435,0.0336623298373435
polynomial,3,12,0.03366232983734351,0.03366232983734351
polynomial,4,12,0.033662329837343505,0.0336623298373435
polynomial,5,12,0.033662329837343505,0.033662329837343505
polynomial,6,12,0.033662329837343505,0.033662329837343505
polynomial,7,12,0.033662329837343505,0.033662329837343505
polynomial,8,12,0.03366232983734349,0.03366232983734349
polynomial,9,12,0.033662329837343505,0.033662329837343505
