trial,order,mode_size,N_nonzero_samples,rnd_time_s,det_time_s,dense_reference_attempted
0,4,2,500,0.0009217000042553991,0.00015979999443516135,True
1,4,2,500,0.0009976000001188368,0.00012969999806955457,True
2,4,2,500,0.0010233999928459525,0.00014299998292699456,True
3,4,2,500,0.001107400021282956,0.00012420001439750195,True
4,4,2,500,0.0008701999904587865,0.0001297999988310039,True
0,8,2,500,0.0022813999967183918,0.0003535999858286232,True
1,8,2,500,0.0022598000068683177,0.00039989998913370073,True
2,8,2,500,0.0022832999820820987,0.0003601000062189996,True
3,8,2,500,0.0020149000047240406,0.00034929998219013214,True
4,8,2,500,0.002390000008745119,0.00035570000181905925,True
0,12,2,500,0.004521599999861792,0.0014350000128615648,True
1,12,2,500,0.004436999995959923,0.0015550999960396439,True
2,12,2,500,0.004732700006570667,0.001469200011342764,True
3,12,2,500,0.004498800000874326,0.0013632999907713383,True
4,12,2,500,0.004237100016325712,0.001316199981374666,True
0,16,2,500,0.008155999996233732,0.01567699998850003,True
1,16,2,500,0.007130900019546971,0.015641000005416572,True
2,16,2,500,0.006975099997362122,0.014729799993801862,True
3,16,2,500,0.007366900012129918,0.015227399999275804,True
4,16,2,500,0.007259100006194785,0.015540000022156164,True
0,20,2,500,0.009995799977332354,0.30367549997754395,True
1,20,2,500,0.00907200001529418,0.31814249997842126,True
2,20,2,500,0.009818199992878363,0.29310130001977086,True
3,20,2,500,0.010238799994112924,0.3310555999923963,True
4,20,2,500,0.009628100000554696,0.284433299995726,True
0,24,2,500,0.013620800018543378,nan,False
1,24,2,500,0.013428800011752173,nan,False
2,24,2,500,0.012642299989238381,nan,False
3,24,2,500,0.01282040000660345,nan,False
4,24,2,500,0.012739700003294274,nan,False
0,28,2,500,0.016973899997537956,nan,False
1,28,2,500,0.016446499997982755,nan,False
2,28,2,500,0.016953099984675646,nan,False
3,28,2,500,0.016411100019467995,nan,False
4,28,2,500,0.016092700010631233,nan,False
0,32,2,500,0.02088609998463653,nan,False
1,32,2,500,0.02049360002274625,nan,False
2,32,2,500,0.020760599989444017,nan,False
3,32,2,500,0.0212314999953378,nan,False
4,32,2,500,0.020728200004668906,nan,False
0,36,2,500,0.024859500001184642,nan,False
1,36,2,500,0.022846800013212487,nan,False
2,36,2,500,0.02292329998454079,nan,False
3,36,2,500,0.023359499988146126,nan,False
4,36,2,500,0.022970499994698912,nan,False
0,40,2,500,0.027459200005978346,nan,False
1,40,2,500,0.027441899990662932,nan,False
2,40,2,500,0.026530400005867705,nan,False
3,40,2,500,0.02694320000591688,nan,False
4,40,2,500,0.02661689999513328,nan,False
0,44,2,500,0.03334650001488626,nan,False
1,44,2,500,0.029967600014060736,nan,False
2,44,2,500,0.02983230000245385,nan,False
3,44,2,500,0.030166500015184283,nan,False
4,44,2,500,0.02978889999212697,nan,False
0,48,2,500,0.03303690001484938,nan,False
1,48,2,500,0.03333330000168644,nan,False
2,48,2,500,0.03296820001560263,nan,False
3,48,2,500,0.032749999983934686,nan,False
4,48,2,500,0.033247799990931526,nan,False
0,52,2,500,0.038697400013916194,nan,False
1,52,2,500,0.037832000001799315,nan,False
2,52,2,500,0.03734670000267215,nan,False
3,52,2,500,0.036311799980467185,nan,False
4,52,2,500,0.03748709999490529,nan,False
0,56,2,500,0.04052830001455732,nan,False
1,56,2,500,0.039189300005091354,nan,False
2,56,2,500,0.03864600000088103,nan,False
3,56,2,500,0.039870499982498586,nan,False
4,56,2,500,0.0410361000103876,nan,False
0,60,2,500,0.04349670000374317,nan,False
1,60,2,500,0.043644300021696836,nan,False
2,60,2,500,0.043722900009015575,nan,False
3,60,2,500,0.04184019999229349,nan,False
4,60,2,500,0.04218990000663325,nan,False
