family,split,index,normalized_singular_value
exponential,1,1,1.0
exponential,1,2,0.3583266777519655
exponential,1,3,0.12931305237290971
exponential,1,4,0.09659091369656342
exponential,1,5,0.03466515989940477
exponential,1,6,0.011031275985160615
exponential,1,7,0.008033212682614905
exponential,1,8,0.003849234546989347
exponential,1,9,0.0018976910412334676
exponential,1,10,0.0008253753109371626
exponential,1,11,0.0004384882163613419
exponential,1,12,0.00022538728226881893
exponential,1,13,0.00011477037454198514
exponential,1,14,4.802367006600978e-05
exponential,1,15,2.862893944319954e-05
exponential,1,16,1.466645232326366e-05
exponential,2,1,1.0
exponential,2,2,0.46687401845396537
exponential,2,3,0.18951907420379355
exponential,2,4,0.08360890391227495
exponential,2,5,0.05207866505744482
exponential,2,6,0.022527474741386017
exponential,2,7,0.008982878135098805
exponential,2,8,0.0051809075232809
exponential,2,9,0.0023196552362067073
exponential,2,10,0.001486018339327909
exponential,2,11,0.0005663663206920312
exponential,2,12,0.0002788545557694842
exponential,2,13,0.00013574432897434964
exponential,2,14,7.15282557822665e-05
exponential,2,15,4.0302990541510646e-05
exponential,2,16,1.538127331242855e-05
exponential,2,17,4.606221622028623e-16
exponential,2,18,4.221164500797777e-16
exponential,2,19,3.5706994682493515e-16
exponential,2,20,3.395329285455157e-16
exponential,2,21,2.9648158105046636e-16
exponential,2,22,2.5974709719483213e-16
exponential,2,23,2.4902649450557183e-16
exponential,2,24,2.1018196208990276e-16
exponential,2,25,1.8650428764432799e-16
exponential,2,26,1.7988863247938019e-16
exponential,2,27,1.6079482291071068e-16
exponential,2,28,1.4919291744354969e-16
exponential,2,29,1.3444793546160622e-16
exponential,2,30,1.2793652955167514e-16
exponential,2,31,1.0889614706342868e-16
exponential,2,32,1.0401345671378843e-16
exponential,2,33,1.0081152472187022e-16
exponential,2,34,9.654941138789242e-17
exponential,2,35,9.130405244886479e-17
exponential,2,36,8.827932958248647e-17
exponential,2,37,8.585819894499688e-17
exponential,2,38,8.265455524910517e-17
exponential,2,39,7.384175583669296e-17
exponential,2,40,7.12632313013151e-17
exponential,2,41,7.020933164690694e-17
exponential,2,42,6.741858637870263e-17
exponential,2,43,6.512400786845482e-17
exponential,2,44,6.403306707871797e-17
exponential,2,45,6.295071493996084e-17
exponential,2,46,6.019181782241549e-17
exponential,2,47,5.865866053933896e-17
exponential,2,48,5.741139438419035e-17
exponential,2,49,5.632328927050435e-17
exponential,2,50,5.394405117903842e-17
exponential,2,51,5.297185150683367e-17
exponential,2,52,5.123347084507024e-17
exponential,2,53,4.941566988406242e-17
exponential,2,54,4.876640995764883e-17
exponential,2,55,4.70104113218352e-17
exponential,2,56,4.604967254848664e-17
exponential,2,57,4.4459398169391455e-17
exponential,2,58,4.4148357361995496e-17
exponential,2,59,4.274288352355952e-17
exponential,2,60,4.1687773852453636e-17
exponential,2,61,3.949997895755401e-17
exponential,2,62,3.8159813292953e-17
exponential,2,63,3.704542612040244e-17
exponential,2,64,3.659438963973983e-17
exponential,2,65,3.6010892999560015e-17
exponential,2,66,3.573582035856283e-17
exponential,2,67,3.457765810281796e-17
exponential,2,68,3.411856332928369e-17
exponential,2,69,3.278937185263078e-17
exponential,2,70,3.2099161206839186e-17
exponential,2,71,3.168269074758919e-17
exponential,2,72,3.114712215634911e-17
exponential,2,73,3.0315016958966154e-17
exponential,2,74,2.925594709544458e-17
exponential,2,75,2.87159045228182e-17
exponential,2,76,2.745379725971046e-17
exponential,2,77,2.6743626778062413e-17
exponential,2,78,2.6521170092021197e-17
exponential,2,79,2.6143164993727075e-17
exponential,2,80,2.5702691419088187e-17
exponential,2,81,2.507032609656685e-17
exponential,2,82,2.4892582655730458e-17
exponential,2,83,2.4580274745804602e-17
exponential,2,84,2.372462141472995e-17
exponential,2,85,2.325018656283027e-17
exponential,2,86,2.3139555040920568e-17
exponential,2,87,2.2633529917337395e-17
exponential,2,88,2.2299222344719897e-17
exponential,2,89,2.180051781655975e-17
exponential,2,90,2.133874062303992e-17
exponential,2,91,2.1085150029808403e-17
exponential,2,92,2.0199990474671713e-17
exponential,2,93,2.0019911465800642e-17
exponential,2,94,1.9040648239164093e-17
exponential,2,95,1.873872869845169e-17
exponential,2,96,1.8429728529743167e-17
exponential,2,97,1.8051853370988664e-17
exponential,2,98,1.7726595560802574e-17
exponential,2,99,1.7264389073866516e-17
exponential,2,100,1.7092890682976045e-17
exponential,2,101,1.6888688874751586e-17
exponential,2,102,1.638531492534971e-17
exponential,2,103,1.6260445534997107e-17
exponential,2,104,1.601799160580479e-17
exponential,2,105,1.5739079489924878e-17
exponential,2,106,1.5701995019086045e-17
exponential,2,107,1.5230535347795383e-17
exponential,2,108,1.504961746627075e-17
exponential,2,109,1.4550321736961206e-17
exponential,2,110,1.4282456011636707e-17
exponential,2,111,1.4011283040688354e-17
exponential,2,112,1.3826935882542737e-17
exponential,2,113,1.3551599911626145e-17
exponential,2,114,1.3210726731673887e-17
exponential,2,115,1.3078896164935124e-17
exponential,2,116,1.283173458766118e-17
exponential,2,117,1.2466852622443856e-17
exponential,2,118,1.2445216841180472e-17
exponential,2,119,1.2202650953859006e-17
exponential,2,120,1.1915664875886704e-17
exponential,2,121,1.1556883405168513e-17
exponential,2,122,1.1491941899194991e-17
exponential,2,123,1.1243484453157539e-17
exponential,2,124,1.1061632682543091e-17
exponential,2,125,1.0841875600548374e-17
exponential,2,126,1.0598110362631495e-17
exponential,2,127,1.0486285616103959e-17
exponential,2,128,1.0434290756253388e-17
exponential,2,129,1.0277587216919297e-17
exponential,2,130,9.858202821339371e-18
exponential,2,131,9.841189615747643e-18
exponential,2,132,9.526544909706656e-18
exponential,2,133,9.368047970395646e-18
exponential,2,134,9.027899352292155e-18
exponential,2,135,8.913181077097854e-18
exponential,2,136,8.819416377191675e-18
exponential,2,137,8.662350349639746e-18
exponential,2,138,8.345384884597013e-18
exponential,2,139,8.285759338533038e-18
exponential,2,140,8.076279988954972e-18
exponential,2,141,7.964757762236027e-18
exponential,2,142,7.755211050383134e-18
exponential,2,143,7.620091916521324e-18
exponential,2,144,7.539341053305141e-18
exponential,2,145,7.356585130344012e-18
exponential,2,146,7.134246914699224e-18
exponential,2,147,7.082601477136338e-18
exponential,2,148,6.931443791229005e-18
exponential,2,149,6.822013433027089e-18
exponential,2,150,6.731713607213618e-18
exponential,2,151,6.5585949590817356e-18
exponential,2,152,6.4374623248616844e-18
exponential,2,153,6.38911317249163e-18
exponential,2,154,6.251390756865648e-18
exponential,2,155,6.1281919796868574e-18
exponential,2,156,5.9105628549801256e-18
exponential,2,157,5.878672908531837e-18
exponential,2,158,5.687932968057165e-18
exponential,2,159,5.659085016461986e-18
exponential,2,160,5.535971886229556e-18
exponential,2,161,5.370147565312006e-18
exponential,2,162,5.203058189333656e-18
exponential,2,163,5.163565544719416e-18
exponential,2,164,5.041552833567282e-18
exponential,2,165,4.850159956755881e-18
exponential,2,166,4.8191612697463384e-18
exponential,2,167,4.7377604719220025e-18
exponential,2,168,4.650630038237776e-18
exponential,2,169,4.510218582560306e-18
exponential,2,170,4.436644269230495e-18
exponential,2,171,4.405118195538825e-18
exponential,2,172,4.237131595551606e-18
exponential,2,173,4.130668053731609e-18
exponential,2,174,4.0650251899716155e-18
exponential,2,175,4.0239066169773846e-18
exponential,2,176,3.963000805975757e-18
exponential,2,177,3.8794139322171865e-18
exponential,2,178,3.811092860537251e-18
exponential,2,179,3.7480404565094e-18
exponential,2,180,3.621897403940381e-18
exponential,2,181,3.569616438616599e-18
exponential,2,182,3.483877724546685e-18
exponential,2,183,3.470104324343443e-18
exponential,2,184,3.333591135098972e-18
exponential,2,185,3.2607282436617102e-18
exponential,2,186,3.2244939031776957e-18
exponential,2,187,3.1162817475404166e-18
exponential,2,188,3.105374298920064e-18
exponential,2,189,2.97842989507535e-18
exponential,2,190,2.914559883818578e-18
exponential,2,191,2.7979857597659425e-18
exponential,2,192,2.7313203401278384e-18
exponential,2,193,2.7022038840308916e-18
exponential,2,194,2.6174694721555943e-18
exponential,2,195,2.5271083345254334e-18
exponential,2,196,2.5085563652736083e-18
exponential,2,197,2.4445992933572938e-18
exponential,2,198,2.386455590065133e-18
exponential,2,199,2.3012752932116075e-18
exponential,2,200,2.232277192486883e-18
exponential,2,201,2.171716523552454e-18
exponential,2,202,2.12323232352603e-18
exponential,2,203,2.0908807721041313e-18
exponential,2,204,2.0384679237779457e-18
exponential,2,205,2.016898541550548e-18
exponential,2,206,1.99779209350512e-18
exponential,2,207,1.95261140311552e-18
exponential,2,208,1.8589256514554633e-18
exponential,2,209,1.8295643743180006e-18
exponential,2,210,1.7748743932729584e-18
exponential,2,211,1.6714609310033332e-18
exponential,2,212,1.6415463057989281e-18
exponential,2,213,1.5885066441393728e-18
exponential,2,214,1.5622303952639641e-18
exponential,2,215,1.5259829078743254e-18
exponential,2,216,1.488257179476492e-18
exponential,2,217,1.4710726276708393e-18
exponential,2,218,1.3718229789859981e-18
exponential,2,219,1.3123705343634659e-18
exponential,2,220,1.2015241614392602e-18
exponential,2,221,1.1803461552426613e-18
exponential,2,222,1.1402775574401765e-18
exponential,2,223,1.1023823299934259e-18
exponential,2,224,1.0552527102705765e-18
exponential,2,225,1.0193790959051498e-18
exponential,2,226,9.952575806608218e-19
exponential,2,227,9.600471906424034e-19
exponential,2,228,9.23991236034641e-19
exponential,2,229,8.730936522751545e-19
exponential,2,230,8.202224786654711e-19
exponential,2,231,7.931632928139847e-19
exponential,2,232,7.641523665396309e-19
exponential,2,233,7.385607271403291e-19
exponential,2,234,7.268050639466574e-19
exponential,2,235,6.822457127745244e-19
exponential,2,236,6.239923593432199e-19
exponential,2,237,5.883461764025251e-19
exponential,2,238,5.684969301364895e-19
exponential,2,239,5.071980855166445e-19
exponential,2,240,4.838883365167562e-19
exponential,2,241,4.689918579304958e-19
exponential,2,242,4.1872606169755216e-19
exponential,2,243,3.9839921929820015e-19
exponential,2,244,3.5482672081007634e-19
exponential,2,245,3.152910800548433e-19
exponential,2,246,2.9261607158315034e-19
exponential,2,247,2.3944608771314306e-19
exponential,2,248,2.280365646852632e-19
exponential,2,249,2.0285705535698857e-19
exponential,2,250,1.8305917528022023e-19
exponential,2,251,1.267111390646345e-19
exponential,2,252,1.036087682479611e-19
exponential,2,253,6.864546419558365e-20
exponential,2,254,3.5841873395830674e-20
exponential,2,255,2.9019457033017924e-20
exponential,2,256,6.551253340869519e-21
exponential,3,1,1.0
exponential,3,2,0.4965853037914099
exponential,3,3,0.2465969639416069
exponential,3,4,0.12245642825298211
exponential,3,5,0.060810062625218056
exponential,3,6,0.030197383422318553
exponential,3,7,0.01499557682047774
exponential,3,8,0.007446583070924349
exponential,3,9,0.0036978637164829333
exponential,3,10,0.0018363047770289151
exponential,3,11,0.0009118819655545164
exponential,3,12,0.00045282718288679625
exponential,3,13,0.00022486732417885212
exponential,3,14,0.00011166580849011402
exponential,3,15,5.545159943217389e-05
exponential,3,16,2.7536449349749062e-05
quadratic,1,1,1.0
quadratic,1,2,0.1279183766326492
quadratic,1,3,0.057091744566953755
quadratic,1,4,0.03392214267815467
quadratic,1,5,0.022196255867995087
quadratic,1,6,0.015040754902093511
quadratic,1,7,0.014373535166508857
quadratic,1,8,0.007535167086698131
quadratic,1,9,0.0062763751799486366
quadratic,1,10,0.003567369929801008
quadratic,1,11,0.0028313677830826014
quadratic,1,12,0.0017702513643202667
quadratic,1,13,0.0017145711435784853
quadratic,1,14,0.001483534801140115
quadratic,1,15,0.0010555147476723201
quadratic,1,16,0.0008048064369782579
quadratic,2,1,1.0
quadratic,2,2,0.13081318466720582
quadratic,2,3,0.06690192705895112
quadratic,2,4,0.0428089224607086
quadratic,2,5,0.02356018857732396
quadratic,2,6,0.017543461697858094
quadratic,2,7,0.014240158996798192
quadratic,2,8,0.008626295525821732
quadratic,2,9,0.00597766113844912
quadratic,2,10,0.004898757248495553
quadratic,2,11,0.004666615406958139
quadratic,2,12,0.003554268968415423
quadratic,2,13,0.003156950869392738
quadratic,2,14,0.0026509719807622555
quadratic,2,15,0.0019412379943129568
quadratic,2,16,0.0017665412030628787
quadratic,2,17,5.291810242598179e-16
quadratic,2,18,4.661758926840402e-16
quadratic,2,19,4.4439214716875535e-16
quadratic,2,20,3.2812550997200376e-16
quadratic,2,21,3.05587588030792e-16
quadratic,2,22,3.0199250718612674e-16
quadratic,2,23,2.84069082506801e-16
quadratic,2,24,2.2866595451786406e-16
quadratic,2,25,2.2559436176417484e-16
quadratic,2,26,1.9929369138964779e-16
quadratic,2,27,1.527492915596068e-16
quadratic,2,28,1.5122771978214998e-16
quadratic,2,29,1.3677564810508604e-16
quadratic,2,30,1.2613519318930268e-16
quadratic,2,31,1.2463796613940174e-16
quadratic,2,32,1.0724402833791334e-16
quadratic,2,33,9.930210441064941e-17
quadratic,2,34,9.375323019773319e-17
quadratic,2,35,8.823613402111569e-17
quadratic,2,36,8.443733660876443e-17
quadratic,2,37,8.108371836442504e-17
quadratic,2,38,7.88785694405979e-17
quadratic,2,39,7.556897773074744e-17
quadratic,2,40,7.305834888243929e-17
quadratic,2,41,6.753647005684665e-17
quadratic,2,42,6.703651704835401e-17
quadratic,2,43,6.317431537468338e-17
quadratic,2,44,6.256027284017922e-17
quadratic,2,45,5.925524297427344e-17
quadratic,2,46,5.82800841724205e-17
quadratic,2,47,5.561257221289848e-17
quadratic,2,48,5.4399088019067096e-17
quadratic,2,49,5.3032399961641215e-17
quadratic,2,50,5.1513440858426587e-17
quadratic,2,51,4.944839606157407e-17
quadratic,2,52,4.8317148432919926e-17
quadratic,2,53,4.6882909590394233e-17
quadratic,2,54,4.481425468147209e-17
quadratic,2,55,4.4708553255789445e-17
quadratic,2,56,4.383749790755027e-17
quadratic,2,57,4.3515886239691527e-17
quadratic,2,58,4.267525770688055e-17
quadratic,2,59,4.1412063888463185e-17
quadratic,2,60,3.932254190876797e-17
quadratic,2,61,3.870783771888281e-17
quadratic,2,62,3.714554937976142e-17
quadratic,2,63,3.673790248527176e-17
quadratic,2,64,3.5323888504346436e-17
quadratic,2,65,3.514346607509671e-17
quadratic,2,66,3.417843727806839e-17
quadratic,2,67,3.2709457147865587e-17
quadratic,2,68,3.242638303348091e-17
quadratic,2,69,3.1317763571910495e-17
quadratic,2,70,3.082564883526189e-17
quadratic,2,71,2.9678618296000835e-17
quadratic,2,72,2.853756500187748e-17
quadratic,2,73,2.8344035312824434e-17
quadratic,2,74,2.757693728227036e-17
quadratic,2,75,2.725891203103611e-17
quadratic,2,76,2.6463714172865042e-17
quadratic,2,77,2.6274563117408506e-17
quadratic,2,78,2.4955888890299898e-17
quadratic,2,79,2.487485254132953e-17
quadratic,2,80,2.411005061014787e-17
quadratic,2,81,2.38968799841418e-17
quadratic,2,82,2.3626481849416732e-17
quadratic,2,83,2.2849267797312847e-17
quadratic,2,84,2.2609528348679082e-17
quadratic,2,85,2.1863091327148005e-17
quadratic,2,86,2.1499155423401695e-17
quadratic,2,87,2.0882640184340464e-17
quadratic,2,88,2.0824666138827743e-17
quadratic,2,89,2.040744373085985e-17
quadratic,2,90,1.9780532321651967e-17
quadratic,2,91,1.9502684016608023e-17
quadratic,2,92,1.8948943253683306e-17
quadratic,2,93,1.8669442372032012e-17
quadratic,2,94,1.8123467356722297e-17
quadratic,2,95,1.7924644972501996e-17
quadratic,2,96,1.7548927068374563e-17
quadratic,2,97,1.7183985370332724e-17
quadratic,2,98,1.6588125960877536e-17
quadratic,2,99,1.6175221447976424e-17
quadratic,2,100,1.6040856476391026e-17
quadratic,2,101,1.5943367144790985e-17
quadratic,2,102,1.572475203981e-17
quadratic,2,103,1.5426795101245018e-17
quadratic,2,104,1.4878602086366457e-17
quadratic,2,105,1.4389197931182768e-17
quadratic,2,106,1.42574144675262e-17
quadratic,2,107,1.4119253754097187e-17
quadratic,2,108,1.398980429914271e-17
quadratic,2,109,1.3307840780119106e-17
quadratic,2,110,1.2977119818151269e-17
quadratic,2,111,1.2928143334425687e-17
quadratic,2,112,1.2818803940073714e-17
quadratic,2,113,1.2522785470919118e-17
quadratic,2,114,1.2215966387184468e-17
quadratic,2,115,1.1958187315309611e-17
quadratic,2,116,1.1579846085220226e-17
quadratic,2,117,1.1352423178936147e-17
quadratic,2,118,1.1134571595663267e-17
quadratic,2,119,1.089313741652512e-17
quadratic,2,120,1.0799070868295489e-17
quadratic,2,121,1.0442334562199081e-17
quadratic,2,122,1.0208345689778696e-17
quadratic,2,123,9.884193028855955e-18
quadratic,2,124,9.710421638484056e-18
quadratic,2,125,9.627535117203134e-18
quadratic,2,126,9.39845979604297e-18
quadratic,2,127,9.263922806090971e-18
quadratic,2,128,9.114646680596823e-18
quadratic,2,129,8.895748167283697e-18
quadratic,2,130,8.819713806742266e-18
quadratic,2,131,8.704519340358948e-18
quadratic,2,132,8.615928212967239e-18
quadratic,2,133,8.341105586718827e-18
quadratic,2,134,8.098284491339995e-18
quadratic,2,135,7.844149490193212e-18
quadratic,2,136,7.778527163388116e-18
quadratic,2,137,7.486670719722833e-18
quadratic,2,138,7.363572445405453e-18
quadratic,2,139,7.197933962777581e-18
quadratic,2,140,7.117947759892554e-18
quadratic,2,141,7.027040946912255e-18
quadratic,2,142,6.8970703067370375e-18
quadratic,2,143,6.840648515576909e-18
quadratic,2,144,6.718887701960619e-18
quadratic,2,145,6.519378168501217e-18
quadratic,2,146,6.397108364029242e-18
quadratic,2,147,6.3114733902645775e-18
quadratic,2,148,6.200003320474974e-18
quadratic,2,149,6.004843371320188e-18
quadratic,2,150,5.909603852245227e-18
quadratic,2,151,5.762251399684535e-18
quadratic,2,152,5.612155422036695e-18
quadratic,2,153,5.514178011453033e-18
quadratic,2,154,5.417413867868942e-18
quadratic,2,155,5.322523529824459e-18
quadratic,2,156,5.268248338381037e-18
quadratic,2,157,5.160248252840104e-18
quadratic,2,158,4.953214541238817e-18
quadratic,2,159,4.872476826139727e-18
quadratic,2,160,4.762073709747395e-18
quadratic,2,161,4.6766724605281716e-18
quadratic,2,162,4.642602296032512e-18
quadratic,2,163,4.4290239101546654e-18
quadratic,2,164,4.3805983466605266e-18
quadratic,2,165,4.306229719876996e-18
quadratic,2,166,4.252036746108548e-18
quadratic,2,167,4.130094735211467e-18
quadratic,2,168,4.056454391879143e-18
quadratic,2,169,3.9740217672193725e-18
quadratic,2,170,3.9215738887489984e-18
quadratic,2,171,3.7534766110845554e-18
quadratic,2,172,3.66340777737166e-18
quadratic,2,173,3.423862006501238e-18
quadratic,2,174,3.408709352066782e-18
quadratic,2,175,3.294295922788309e-18
quadratic,2,176,3.2438217986254777e-18
quadratic,2,177,3.2161538249476005e-18
quadratic,2,178,3.1038796701801685e-18
quadratic,2,179,3.0578011892200304e-18
quadratic,2,180,3.0557801087812265e-18
quadratic,2,181,2.9267854875918106e-18
quadratic,2,182,2.831830678245002e-18
quadratic,2,183,2.7502636946040767e-18
quadratic,2,184,2.705313342546812e-18
quadratic,2,185,2.6418412181647443e-18
quadratic,2,186,2.6189782099141986e-18
quadratic,2,187,2.501767982150184e-18
quadratic,2,188,2.4642826354876907e-18
quadratic,2,189,2.4426858737499558e-18
quadratic,2,190,2.420484869695125e-18
quadratic,2,191,2.340836465246176e-18
quadratic,2,192,2.2975984934648605e-18
quadratic,2,193,2.1875451927008605e-18
quadratic,2,194,2.1042402129909107e-18
quadratic,2,195,2.059362662899127e-18
quadratic,2,196,2.045357978505267e-18
quadratic,2,197,1.9404885930165303e-18
quadratic,2,198,1.9135737744952563e-18
quadratic,2,199,1.8272386613358354e-18
quadratic,2,200,1.763574371903203e-18
quadratic,2,201,1.721501961130388e-18
quadratic,2,202,1.6543400700443856e-18
quadratic,2,203,1.561915384490115e-18
quadratic,2,204,1.5174703874891881e-18
quadratic,2,205,1.494590194709538e-18
quadratic,2,206,1.4610491539759498e-18
quadratic,2,207,1.419404849050087e-18
quadratic,2,208,1.414632070855778e-18
quadratic,2,209,1.3561900808046496e-18
quadratic,2,210,1.3100749037332743e-18
quadratic,2,211,1.307608729768148e-18
quadratic,2,212,1.2945209047815654e-18
quadratic,2,213,1.2150582546553372e-18
quadratic,2,214,1.1854125820883114e-18
quadratic,2,215,1.129688887783347e-18
quadratic,2,216,1.0769082893003863e-18
quadratic,2,217,1.0463470637844543e-18
quadratic,2,218,1.0372215692327053e-18
quadratic,2,219,9.830144656018186e-19
quadratic,2,220,9.618302123891672e-19
quadratic,2,221,9.21414295830682e-19
quadratic,2,222,8.673367186294521e-19
quadratic,2,223,8.400107019744327e-19
quadratic,2,224,8.202041026309529e-19
quadratic,2,225,7.857561277439683e-19
quadratic,2,226,7.761809883609016e-19
quadratic,2,227,7.354484951807387e-19
quadratic,2,228,7.1608225228213385e-19
quadratic,2,229,6.797954309928017e-19
quadratic,2,230,6.484594099543657e-19
quadratic,2,231,6.298444846719944e-19
quadratic,2,232,5.9615121986478635e-19
quadratic,2,233,5.869791739244116e-19
quadratic,2,234,5.122074614873709e-19
quadratic,2,235,5.056097053363444e-19
quadratic,2,236,4.49451387100437e-19
quadratic,2,237,4.366138370652077e-19
quadratic,2,238,4.052779547603052e-19
quadratic,2,239,3.6218916978460965e-19
quadratic,2,240,3.4257851057338323e-19
quadratic,2,241,3.2788963689826545e-19
quadratic,2,242,2.989970675269092e-19
quadratic,2,243,2.9642835230541208e-19
quadratic,2,244,2.6800870108443587e-19
quadratic,2,245,2.4781111667244614e-19
quadratic,2,246,2.2247063948316537e-19
quadratic,2,247,2.1859268706019564e-19
quadratic,2,248,1.838843730370038e-19
quadratic,2,249,1.6561232406866837e-19
quadratic,2,250,1.582920693976381e-19
quadratic,2,251,1.3761766581629647e-19
quadratic,2,252,1.1000754888516457e-19
quadratic,2,253,5.0434618609234485e-20
quadratic,2,254,4.6069487023498075e-20
quadratic,2,255,3.4365005693337936e-20
quadratic,2,256,1.4479393495251618e-20
quadratic,3,1,1.0
quadratic,3,2,0.2499999999999998
quadratic,3,3,0.11111111111111122
quadratic,3,4,0.0625000000000001
quadratic,3,5,0.04000000000000006
quadratic,3,6,0.02777777777777782
quadratic,3,7,0.020408163265306162
quadratic,3,8,0.015625000000000014
quadratic,3,9,0.012345679012345684
quadratic,3,10,0.010000000000000016
quadratic,3,11,0.008264462809917342
quadratic,3,12,0.006944444444444441
quadratic,3,13,0.005917159763313616
quadratic,3,14,0.0051020408163265285
quadratic,3,15,0.004444444444444437
quadratic,3,16,0.003906249999999999
