trial,mode_size,det_time_s,rnd_time_s,det_error,rnd_error
0,8,0.0006024500034982339,0.0013904999941587448,1.3039001029879542e-15,2.1720346909785917e-15
1,8,0.0006288500007940456,0.0012776500079780817,1.5954053831006088e-15,3.1649893554639144e-15
2,8,0.0005443500122055411,0.0014992499927757308,1.6658617067716813e-15,1.889064512884012e-15
3,8,0.000723599994671531,0.0017586999892955646,1.3063550775996088e-15,2.831667021182144e-15
4,8,0.0005884000129299238,0.00124379999761004,1.7730704588616942e-15,2.9597746835718213e-15
0,12,0.00473960000090301,0.0021357000077841803,1.3308900705586833e-15,2.9076679022252253e-15
1,12,0.0043883000034838915,0.0020311999833211303,1.3764562962065475e-15,2.2984225556516113e-15
2,12,0.004343350025010295,0.0019346999906701967,1.5820029918501959e-15,1.6311756653240585e-15
3,12,0.00435375000233762,0.0020106000010855496,1.332105303693099e-15,2.6899686482517806e-15
4,12,0.004254499988746829,0.002102649988955818,2.884848740419375e-15,1.6814029252544932e-15
0,16,0.01194250000116881,0.0034702999982982874,1.4398519625015094e-15,3.4537894542643448e-15
1,16,0.012874000007286668,0.0036862999986624345,1.3793688005508602e-15,4.4344938368207644e-15
2,16,0.012037850014166906,0.004203150005196221,2.130099238722777e-15,1.926458049854325e-15
3,16,0.011976199995842762,0.004022950000944547,1.6830946326335274e-15,3.6005314826468286e-15
4,16,0.012039000008371659,0.003347949997987598,1.9944758508399858e-15,4.210469773309931e-15
0,20,0.02642455000022892,0.0055947499931789935,2.1964654999993882e-15,2.5490850653560822e-15
1,20,0.02776369999628514,0.006147299995063804,2.1360701909449528e-15,3.1362736298196527e-15
2,20,0.02742164999654051,0.006524049997096881,2.3413104692066963e-15,3.255922770663739e-15
3,20,0.02802170001086779,0.00624499999685213,2.7788908907816013e-15,3.2925180892728296e-15
4,20,0.03127474999928381,0.00609305000398308,2.803471091344653e-15,1.6957201423155689e-15
