trial,rank,stored_parameters,dense_parameters,storage_fraction,det_error,rnd_error,error_ratio
0,1,64,65536,0.0009765625,0.606530601071073,0.6065647884741661,1.000056365504119
1,1,64,65536,0.0009765625,0.6065306010710726,0.6065345488893722,1.0000065088526326
2,1,64,65536,0.0009765625,0.6065306010710731,0.6065350023363795,1.00000725646043
3,1,64,65536,0.0009765625,0.6065306010710727,0.6065383899748157,1.000012841732518
4,1,64,65536,0.0009765625,0.6065306010710726,0.6065514704375989,1.0000344077718246
5,1,64,65536,0.0009765625,0.6065306010710727,0.6065339203742555,1.0000054726062904
6,1,64,65536,0.0009765625,0.6065306010710726,0.6065363195433935,1.0000094281678629
7,1,64,65536,0.0009765625,0.6065306010710729,0.6065331516808843,1.0000042052450557
8,1,64,65536,0.0009765625,0.6065306010710727,0.6065461942648872,1.0000257088328057
9,1,64,65536,0.0009765625,0.6065306010710726,0.6065653487995779,1.0000572893246342
0,2,192,65536,0.0029296875,0.36787930891993187,0.36788890205734537,1.0000260768604836
1,2,192,65536,0.0029296875,0.367879308919932,0.3678837259812572,1.0000120068218519
2,2,192,65536,0.0029296875,0.3678793089199319,0.36788830241803566,1.0000244468712582
3,2,192,65536,0.0029296875,0.36787930891993226,0.36789519877981797,1.000043193132912
4,2,192,65536,0.0029296875,0.3678793089199319,0.36793145796529264,1.0001417558533363
5,2,192,65536,0.0029296875,0.3678793089199321,0.3678842588096053,1.0000134551999886
6,2,192,65536,0.0029296875,0.3678793089199322,0.3679010669380148,1.0000591444464393
7,2,192,65536,0.0029296875,0.36787930891993226,0.3678952114564282,1.0000432275915234
8,2,192,65536,0.0029296875,0.36787930891993204,0.36788825819626597,1.0000243266639817
9,2,192,65536,0.0029296875,0.367879308919932,0.3679286585355123,1.0001341462114985
0,3,384,65536,0.005859375,0.2231299205294387,0.22314422668951409,1.0000641158301022
1,3,384,65536,0.005859375,0.22312992052943872,0.22313372565854817,1.0000170534238546
2,3,384,65536,0.005859375,0.22312992052943867,0.2231373439516462,1.0000332695059
3,3,384,65536,0.005859375,0.22312992052943864,0.2231450462542907,1.0000677888685487
4,3,384,65536,0.005859375,0.2231299205294386,0.2231458200082847,1.0000712565970908
5,3,384,65536,0.005859375,0.22312992052943864,0.22315787520708097,1.000125284307797
6,3,384,65536,0.005859375,0.22312992052943867,0.22315099083555082,1.0000944306620203
7,3,384,65536,0.005859375,0.2231299205294386,0.22314224486369225,1.0000552338934392
8,3,384,65536,0.005859375,0.22312992052943878,0.22313658766125719,1.0000298800438892
9,3,384,65536,0.005859375,0.22312992052943878,0.22314652990706918,1.0000744381461302
0,4,640,65536,0.009765625,0.1353348750865816,0.1353400534112963,1.0000382630472107
1,4,640,65536,0.009765625,0.13533487508658168,0.1353812304640171,1.0003425235173546
2,4,640,65536,0.009765625,0.13533487508658165,0.13539968483836537,1.0004788843359278
3,4,640,65536,0.009765625,0.13533487508658162,0.13535999519761496,1.000185614469421
4,4,640,65536,0.009765625,0.13533487508658165,0.13533579921648062,1.0000068284682597
5,4,640,65536,0.009765625,0.13533487508658162,0.13533831744372476,1.0000254358467537
6,4,640,65536,0.009765625,0.13533487508658174,0.13535187592615472,1.0001256205361855
7,4,640,65536,0.009765625,0.1353348750865817,0.1353391197581189,1.0000313642106995
8,4,640,65536,0.009765625,0.13533487508658168,0.13534213322157773,1.0000536309284018
9,4,640,65536,0.009765625,0.1353348750865816,0.13533668431424536,1.0000133685250208
0,5,960,65536,0.0146484375,0.08208431776018009,0.08210943773755755,1.000306026511067
1,5,960,65536,0.0146484375,0.08208431776018006,0.08210243164960693,1.0002206741789557
2,5,960,65536,0.0146484375,0.08208431776018008,0.0821438665764804,1.000725459112352
3,5,960,65536,0.0146484375,0.08208431776018005,0.08208895008508132,1.00005643373823
4,5,960,65536,0.0146484375,0.08208431776018003,0.08208593724635643,1.0000197295442124
5,5,960,65536,0.0146484375,0.08208431776018005,0.08208591350502051,1.0000194403131317
6,5,960,65536,0.0146484375,0.08208431776018009,0.08210481290499383,1.000249684048951
7,5,960,65536,0.0146484375,0.08208431776018009,0.08208504951529169,1.0000089146761717
8,5,960,65536,0.0146484375,0.08208431776018008,0.08208734136575267,1.000036835362163
9,5,960,65536,0.0146484375,0.08208431776018006,0.08210399884726143,1.000239766713282
0,6,1344,65536,0.0205078125,0.049785940991667714,0.049785940991667714,1.0
1,6,1344,65536,0.0205078125,0.04978594099166767,0.04978594099166767,1.0
2,6,1344,65536,0.0205078125,0.049785940991667686,0.049785940991667686,1.0
3,6,1344,65536,0.0205078125,0.04978594099166771,0.04978594099166771,1.0
4,6,1344,65536,0.0205078125,0.049785940991667665,0.049785940991667665,1.0
5,6,1344,65536,0.0205078125,0.04978594099166768,0.04978594099166768,1.0
6,6,1344,65536,0.0205078125,0.04978594099166769,0.049785940991667686,0.9999999999999999
7,6,1344,65536,0.0205078125,0.049785940991667686,0.049785940991667686,1.0
8,6,1344,65536,0.0205078125,0.04978594099166767,0.04978594099166767,1.0
9,6,1344,65536,0.0205078125,0.049785940991667686,0.049785940991667686,1.0
0,7,1792,65536,0.02734375,0.030195521737269918,0.03019552173726992,1.0000000000000002
1,7,1792,65536,0.02734375,0.03019552173726992,0.03019552173726992,1.0
2,7,1792,65536,0.02734375,0.03019552173726993,0.03019552173726993,1.0
3,7,1792,65536,0.02734375,0.03019552173726992,0.03019552173726992,1.0
4,7,1792,65536,0.02734375,0.030195521737269936,0.030195521737269932,0.9999999999999999
5,7,1792,65536,0.02734375,0.03019552173726993,0.03019552173726993,1.0
6,7,1792,65536,0.02734375,0.03019552173726993,0.030195521737269932,1.0000000000000002
7,7,1792,65536,0.02734375,0.030195521737269908,0.03019552173726991,1.0000000000000002
8,7,1792,65536,0.02734375,0.030195521737269936,0.030195521737269932,0.9999999999999999
9,7,1792,65536,0.02734375,0.030195521737269936,0.030195521737269932,0.9999999999999999
0,8,2304,65536,0.03515625,0.018312567555274124,0.018312567555274124,1.0
1,8,2304,65536,0.03515625,0.01831256755527411,0.018312567555274113,1.0000000000000002
2,8,2304,65536,0.03515625,0.018312567555274113,0.018312567555274113,1.0
3,8,2304,65536,0.03515625,0.018312567555274117,0.018312567555274113,0.9999999999999998
4,8,2304,65536,0.03515625,0.018312567555274113,0.018312567555274113,1.0
5,8,2304,65536,0.03515625,0.018312567555274113,0.018312567555274113,1.0
6,8,2304,65536,0.03515625,0.018312567555274113,0.018312567555274113,1.0
7,8,2304,65536,0.03515625,0.018312567555274113,0.018312567555274113,1.0
8,8,2304,65536,0.03515625,0.01831256755527411,0.018312567555274106,0.9999999999999998
9,8,2304,65536,0.03515625,0.01831256755527411,0.01831256755527411,1.0
0,9,2880,65536,0.0439453125,0.011103930961026437,0.011103930961026439,1.0000000000000002
1,9,2880,65536,0.0439453125,0.011103930961026442,0.011103930961026442,1.0
2,9,2880,65536,0.0439453125,0.011103930961026442,0.011103930961026444,1.0000000000000002
3,9,2880,65536,0.0439453125,0.011103930961026437,0.011103930961026439,1.0000000000000002
4,9,2880,65536,0.0439453125,0.011103930961026446,0.011103930961026444,0.9999999999999999
5,9,2880,65536,0.0439453125,0.011103930961026439,0.01110393096102644,1.0000000000000002
6,9,2880,65536,0.0439453125,0.011103930961026442,0.011103930961026442,1.0
7,9,2880,65536,0.0439453125,0.011103930961026439,0.01110393096102644,1.0000000000000002
8,9,2880,65536,0.0439453125,0.011103930961026444,0.011103930961026444,1.0
9,9,2880,65536,0.0439453125,0.011103930961026442,0.011103930961026442,1.0
0,10,3520,65536,0.0537109375,0.006729591346002451,0.0067295913460024516,1.0000000000000002
1,10,3520,65536,0.0537109375,0.006729591346002443,0.006729591346002444,1.0000000000000002
2,10,3520,65536,0.0537109375,0.006729591346002446,0.0067295913460024455,0.9999999999999999
3,10,3520,65536,0.0537109375,0.006729591346002449,0.00672959134600245,1.0000000000000002
4,10,3520,65536,0.0537109375,0.006729591346002446,0.006729591346002446,1.0
5,10,3520,65536,0.0537109375,0.006729591346002449,0.006729591346002448,0.9999999999999999
6,10,3520,65536,0.0537109375,0.006729591346002446,0.006729591346002446,1.0
7,10,3520,65536,0.0537109375,0.0067295913460024455,0.0067295913460024455,1.0
8,10,3520,65536,0.0537109375,0.00672959134600245,0.00672959134600245,1.0
9,10,3520,65536,0.0537109375,0.006729591346002448,0.006729591346002448,1.0
0,11,4224,65536,0.064453125,0.004072980172108782,0.004072980172108781,0.9999999999999998
1,11,4224,65536,0.064453125,0.004072980172108779,0.00407298017210878,1.0000000000000002
2,11,4224,65536,0.064453125,0.004072980172108779,0.004072980172108779,1.0
3,11,4224,65536,0.064453125,0.004072980172108779,0.004072980172108778,0.9999999999999998
4,11,4224,65536,0.064453125,0.004072980172108781,0.004072980172108781,1.0
5,11,4224,65536,0.064453125,0.004072980172108776,0.004072980172108775,0.9999999999999996
6,11,4224,65536,0.064453125,0.004072980172108778,0.004072980172108779,1.0000000000000002
7,11,4224,65536,0.064453125,0.004072980172108779,0.00407298017210878,1.0000000000000002
8,11,4224,65536,0.064453125,0.004072980172108777,0.004072980172108778,1.0000000000000002
9,11,4224,65536,0.064453125,0.00407298017210878,0.00407298017210878,1.0
0,12,4992,65536,0.076171875,0.002455947445973727,0.0024559474459737276,1.0000000000000002
1,12,4992,65536,0.076171875,0.002455947445973728,0.0024559474459737284,1.0000000000000002
2,12,4992,65536,0.076171875,0.002455947445973727,0.0024559474459737263,0.9999999999999997
3,12,4992,65536,0.076171875,0.002455947445973726,0.002455947445973726,1.0
4,12,4992,65536,0.076171875,0.002455947445973727,0.002455947445973727,1.0
5,12,4992,65536,0.076171875,0.0024559474459737276,0.002455947445973727,0.9999999999999998
6,12,4992,65536,0.076171875,0.0024559474459737284,0.0024559474459737276,0.9999999999999997
7,12,4992,65536,0.076171875,0.0024559474459737276,0.0024559474459737284,1.0000000000000004
8,12,4992,65536,0.076171875,0.0024559474459737276,0.0024559474459737276,1.0
9,12,4992,65536,0.076171875,0.002455947445973727,0.002455947445973728,1.0000000000000004
0,13,5824,65536,0.0888671875,0.0014655355587512118,0.001465535558751211,0.9999999999999994
1,13,5824,65536,0.0888671875,0.0014655355587512115,0.001465535558751211,0.9999999999999996
2,13,5824,65536,0.0888671875,0.0014655355587512102,0.0014655355587512102,1.0
3,13,5824,65536,0.0888671875,0.00146553555875121,0.0014655355587512098,0.9999999999999999
4,13,5824,65536,0.0888671875,0.0014655355587512083,0.0014655355587512092,1.0000000000000007
5,13,5824,65536,0.0888671875,0.0014655355587512094,0.00146553555875121,1.0000000000000004
6,13,5824,65536,0.0888671875,0.0014655355587512111,0.0014655355587512098,0.9999999999999991
7,13,5824,65536,0.0888671875,0.0014655355587512098,0.0014655355587512098,1.0
8,13,5824,65536,0.0888671875,0.0014655355587512098,0.0014655355587512098,1.0
9,13,5824,65536,0.0888671875,0.0014655355587512111,0.0014655355587512111,1.0
